Mask Name,Slit Numbers,Redshift,QOP,OIII/Hb Ratio,NII/Ha Ratio,Hb,OIII,Ha,NII
M33D2A,49,-0.00046,3,0.16934333521764486,0.1544691389565575,128.2493164463341,21.718166986405365,1418.0347185434866,219.04260198391674
M33D2A,50,-0.0005,3,2.152832113789993,0.20585722842493231,58.58227623151308,126.11780557011757,610.5202999691871,125.68001684881516
M33D2A,146,-0.00046,3,6.8350066135764855,0.4361943859854834,10.213241779192918,69.80757510683928,170.35177590629215,74.30648829298177
M33D2A,148,-0.00044,3,2.9727205138382744,0.3125339591518139,11.867233565750787,35.277968663417504,161.06844139105957,50.339357682359726
M33D2A,169,-0.00042,3,3.325644397420551,0.3937385534914742,11.210474843082716,37.282052854322075,195.44919049505242,76.95588154660152
M33D2A,174,-0.00048,3,7.014510195165802,0.3635933863079313,11.46696054955226,80.4351116823984,178.2485081555648,64.80997868461871
M33D2B,23,-0.00045,3,2.454832362744285,0.3666932424254503,13.042238552872545,32.01650928222272,193.44410953908184,70.93464775498991
M33D2B,27,-0.00045,3,5.620788299425629,0.3550461260205097,16.810118628520375,94.48611809914414,190.41821421650573,67.6072492813139
M33D2B,90,-0.00049,3,0.3627465082148631,0.1707606898414329,102.08111823931051,37.02956919597847,1235.7948449705625,211.02518022965984
M33D2B,173,-0.00042,3,3.817003104910104,0.30844758188725296,36.650710894109466,139.8958772799784,393.9092574080009,121.50035793050137
M33D2B,199,-0.00044,3,6.506565236723462,0.2676445626663353,23.26121889233937,151.3506382087104,323.6667280127207,86.62763986860834
M33D3B,32,-0.00042,3,0.965115413189345,0.17484767184501562,127.80698923287058,123.34849522196804,1455.2253421775754,254.44276308961517
M33D3B,95,-0.00046,3,3.204152919255037,0.16403261080159212,777.7637072758673,2492.073853158591,8178.649731276421,1341.5652682530113
M33D3B,96,-0.00046,3,3.1337228175865386,0.14380945355518515,263.74331932061483,826.4984577410231,3064.768899960387,440.7427407762292
M33D3B,97,-0.00044,3,0.9900323906295618,0.18577294630347024,185.8447212607224,183.9922936756376,1865.7269967787267,346.6016011895092
M33D3B,98,-0.0004,3,2.345188868923721,0.15692817735252734,114.48452071011856,268.48782363343724,1486.4442850987414,233.2649923966261
M33D3B,108,-0.00043,3,0.8475129920887354,0.17630587165986267,132.995123843357,112.7150953416954,1563.1126499763488,275.5859382566381
M33D3B,116,-0.00041,3,0.940054577023004,0.1545965666512614,157.5386610936891,148.09493941919825,2034.849022659169,314.5806725567823
M33D3B,117,-0.00044,3,1.90773587220774,0.17510929714773632,475.0963363201941,906.3583235525073,4789.033554709758,838.6042997821507
M33D3B,118,-0.00047,3,2.1183250808085647,0.15976670692575307,210.09507859652686,445.0496743454696,2471.796980970145,394.9108638386184
M33D3B,128,-0.0004,3,1.4348051962399386,0.2364541099157955,29.279179132523304,42.00991836098441,454.7811328961528,107.53486798545693
M33D3B,137,-0.0004,3,0.9533083636261992,0.20739237579486305,21.583153878155127,20.57540110547652,208.98392800692656,43.341673332299116
M33D3B,152,-0.00037,3,1.7533876921534426,0.13147648977962947,18.783886376237632,32.935435182903795,259.13795894270453,34.07054921044453
M33D3B,168,-0.00049,3,1.2497651163229342,0.1461541404466344,80.25533989279558,100.30032419665629,716.2101504460561,104.67707891759802
M33D3B,169,-0.00042,3,0.3633739591713261,0.1452947019563632,51.855858226196716,18.843068509880084,528.4802469518623,76.78537997069606
M33D3D,29,-0.0004,3,1.0876102299074746,0.1720633272405287,93.29444744767012,101.46799543765131,978.57918879491,168.37759119238973
M33D3D,43,-0.00044,3,2.443508017251143,0.07515999517330585,580.1403113139881,1417.5775018263041,8398.821614659359,631.2553920192544
M33D3D,71,-0.00044,3,1.5262298445734217,0.189960494128257,62.57161006538205,95.49865870479677,697.3357011063944,132.46623435544518
M33D3D,80,-0.0004,3,2.8750538189617,0.20558577746697987,41.11985958654153,118.22180933945506,542.7905714912962,111.59002164178442
M33D4A,36,-0.00046,3,0.3502398072411955,0.15953703736900712,33.670519664752305,11.792756317093732,245.76911403887473,39.209276330567725
M33D4A,68,-0.00042,3,1.8441027155652805,0.2600034674671673,10.63022922051312,19.60323457262964,157.49244772352128,40.948582508007114
M33D4A,70,-0.00043,3,0.7573871218367109,0.2294112151393828,30.39754474824943,23.022708927779263,319.89530880730507,73.38757151087195
M33D4A,95,-0.00036,3,0.8021737277827362,0.15798270462005587,31.36736991652632,25.16208005667998,321.39298406248224,50.77453286810145
M33D4A,113,-0.00042,3,0.41958579102321736,0.13774615053267086,108.18392117262232,45.392436141208144,1206.710198543098,166.21968465782672
M33D4B,80,-0.00044,3,1.4430616587240457,0.2288229945505049,16.24902347848272,23.44834277350523,315.88486507871005,72.28172076049266
M33D4C,88,-0.00038,3,2.764090915796051,0.07850233179850187,1266.319534742914,3500.2223224779705,25193.31734234769,1977.7341571139305
M33D4C,107,-0.00042,3,0.9449839182204068,0.22786057408375066,24.18229486266865,22.85187975088584,332.7139668260006,75.81239548665447
A1M33P,70,-0.00043,3,0.3223243923389105,0.1938495882327088,102.1708580734242,32.932159743261515,1139.049341512719,220.80424582897862
A1M33P,130,-0.00039,3,1.7630429130939158,0.16549146323664568,13.318245168310552,23.480637758837208,155.36747363435208,25.71199055112989
A1M33P,132,-0.00042,3,0.6532648202139305,0.3992094709135073,12.082646500891045,7.893167894113065,147.28660525111366,58.798207754943675
A1M33P,135,-0.00035,3,2.225461955767308,0.2626034704149289,69.20421126787883,154.01133935554762,825.2380941591878,216.71038744480447
A1M33P,136,-0.00036,3,1.5542162808120294,0.18353005672208966,199.1351610842553,309.49910943927574,2795.1385716795257,512.9919406064441
A1M33P,137,-0.00026000000000000003,1,2.9556105233809085,0.17446475490430008,54.10098810029842,159.90144975454726,802.5449933388996,140.01581556254428
A1M33P,138,-0.00036,3,1.0847008122762871,0.2563001421358218,25.450482416422357,27.606158949916683,224.3310977085669,57.49609222819064
A1M33P,139,-0.00035,3,2.6612871026187226,0.35438644107029604,8.081202197854509,21.506399182804284,224.82839055142952,79.67613317908369
A1M33P,141,-0.00033999999999999997,3,3.4805821591619486,0.1924501856900868,84.90123079593748,295.5057091992311,1140.5581838552753,219.5006342732959
A1M33P,142,-0.00033999999999999997,3,2.638478777875446,0.20334289258320745,43.195300680016544,113.9698841481725,605.9170590441612,123.20892745154984
A1M33P,144,-0.00033999999999999997,3,2.6623391785161874,0.21956669788512487,149.64637274746838,398.4094010884221,1906.3170252114105,418.56373434786383
A1M33P,146,-0.0003,3,1.7655821293501477,0.2808390438544105,19.49296456853884,34.416429890267786,238.459554968832,66.96875341539501
A1M33P,147,-0.00042,3,0.2139374625984966,0.00509166990749699,4441.84646156155,950.2773612385887,2198136.4747410873,11192.185341010712
A1M33P,148,-0.00037999999999999997,3,1.0332706429424183,0.2697780085528823,39.7057926280912,41.02682987736613,554.0874662241063,149.48061320205184
A1M33P,149,-0.00037999999999999997,3,0.39132721034151774,0.2584436577105666,110.62338708331488,43.2899414658435,1602.6378493659406,414.1915877755297
A1M33P,157,-0.00042,3,5.074103012109403,0.2540324130584927,197.5459668510032,1002.3685854287396,2423.827143081206,615.7306579935912
A1M33P,161,-0.00039,3,1.7077775818916945,0.24363333066871856,43.2878806701493,73.92607217608379,608.3663619676263,148.21832303298402
A1M33P,186,-0.00042,3,0.9655159775823938,0.2305573150550105,28.21724352580535,27.244199467498426,313.7528480802813,72.3380142442523
A2M33P,8,-0.00046,3,0.3331283739454542,0.2332597465324105,52.20473464068906,17.390878363106673,420.5382303723093,98.09464102383335
A2M33P,120,-0.00043,3,0.6560304243343164,0.15267508416205042,7.8841806368174625,5.1722623686997595,71.00097241764932,10.840079439452028
A2M33P,184,-0.0004,3,0.7812911265321262,0.2691881660012436,196.68955284387084,153.671802318488,2446.4268830485485,658.5491659039777
A2M33P,185,-0.00036,3,2.132010691354986,0.2282719864041108,161.40819005575364,344.12398687112426,1522.8460964312037,347.62310342009687
A2M33P,187,-0.00032,3,1.5579148749891554,0.3143499349465781,86.4654762225762,134.70585158017258,713.8164163259752,224.38814403586983
A2M33P,188,-0.00038,3,1.6317245798000022,0.2385820110821117,64.31089507542643,104.93766824351223,627.3034818051773,149.6633262478901
A2M33P,189,-0.00036,3,2.9808652719685167,0.33634141270172896,109.43744029744944,326.2182652357949,957.5415550747516,322.0608793544523
B1M33P,3,-0.00055,3,2.0614914431879585,0.3316786944165535,28.851666017217173,59.47746261621001,485.0315982251437,160.87464725009
B1M33P,32,-0.00067,3,3.488683962677063,0.2370602669820965,8.103243470752139,28.269655542080606,139.81315120204684,33.14414295156545
B1M33P,34,-0.00064,3,1.2335018671067302,0.21444763024805727,30.28671793622831,37.35872312287251,310.37490132974733,66.55916207863889
B1M33P,35,-0.0006799999999999999,3,1.259806624812263,0.3206069923864195,28.70968652747316,36.16865328359407,335.25422182008737,107.48484774258776
B1M33P,36,-0.0006,3,1.1375498465198701,0.1554047139266757,340.68518163097207,387.5463760759063,4253.556964583135,661.0228032518611
B1M33P,37,-0.0006799999999999999,3,0.6749586613940264,0.24377925738301245,52.0750192786757,35.148485304403074,615.8760744888003,150.13781207884463
B1M33P,38,-0.00066,3,2.4403192727307914,0.2112177512583064,6.13980595847016,14.983086811282082,314.1698524896852,66.35824975602513
B1M33P,39,-0.00061,3,1.4787117335013509,0.19717556761556929,39.66320430323845,58.65044559145997,622.6714056013034,122.77558783742133
B1M33P,43,-0.0006799999999999999,3,1.2270410910038891,0.2916137671144945,36.59243028542023,44.90041557990579,432.0926018732853,126.0041513745722
B1M33P,49,-0.00061,3,0.6409458739167138,0.2643333744266296,63.62025679531352,40.77714109047797,844.2693660675667,223.16857045767125
B1M33P,53,-0.00059,3,0.3973288798934292,0.2773648411349832,79.33200021354115,31.52089478455159,1225.5547547507535,339.9257998536661
B1M33P,60,-0.00061,3,0.4732933765182084,0.28496075053592945,114.30519643938648,54.09989237637432,1509.66435322841,430.1950871533062
B1M33P,61,-0.00054,3,1.3959464376908242,0.37909821592114507,12.558978002300124,17.531660603348286,354.5226800552143,134.39891551251466
B1M33P,63,-0.00061,3,0.5894226567154608,0.2782491158902301,83.32614751110258,49.11431923985847,1206.2808114113882,335.6465692905681
B1M33P,67,-0.00055,3,0.6609937744945865,0.2658309174777153,63.26795316174635,41.81972316492943,986.0922967457808,262.13381996163844
B1M33P,70,-0.00058,3,3.0358788053267083,0.274612784419162,12.556299792282553,38.11940441271875,413.2522399449692,113.48434827874362
B1M33P,71,-0.00058,3,0.4906299497611717,0.2393386868737803,183.19879140100682,89.88281382138331,2458.852996934186,588.4986475018875
B1M33P,75,-0.00055,3,1.5851264659882067,0.2902263077269526,52.434107895680256,83.11469214592398,985.4914887580513,286.0155560785868
B1M33P,79,-0.0006,3,0.52195504026399,0.35609587142635296,136.89478419170518,71.45292259471171,1837.7574276366136,654.4178326645128
B1M33P,90,-0.00058,3,1.1089964652336821,0.35674149929901866,16.24548927150504,18.016190178090795,294.28334173497325,104.9830805492598
B1M33P,103,-0.00062,3,3.1377062756357192,0.1783227824151749,11.105281796586537,34.84511238585269,294.32049694729017,52.48404993745778
B1M33P,104,-0.00062,3,2.4180567654002303,0.19088235180716925,5.788607066040923,13.99718047828383,123.24222193075563,23.52476516408373
B1M33P,107,-0.00055,3,0.6398080476584593,0.29682555152055284,111.85400182017028,71.56509052734891,1489.5919742762412,442.14895930513427
B1M33P,108,-0.00058,3,1.9618125279714145,0.27271559789329913,13.292707411999002,26.077799931518122,301.0850378572269,82.11058611596023
B1M33P,110,-0.0006,3,1.4121220743096812,0.2967610016536556,30.982921210687188,43.751666968209015,729.9129062522547,216.60968517935
B1M33P,113,-0.00054,3,1.8137392664116392,0.2967018597904279,38.636850299731435,70.07717251909122,724.4468056269627,214.9447145487545
B1M33P,114,-0.00058,3,0.995943906942867,0.21087475409249667,355.2628223937097,353.8218433263412,3985.0070819340613,840.3373884597031
B1M33P,118,-0.00056,3,1.5386671950336441,0.26848481480448994,160.95397434345082,247.65460023255454,1808.399895095681,485.5279109272228
B1M33P,119,-0.0005099999999999999,3,0.385024301185114,0.2192963067513272,631.8023669884573,243.2592648368316,4299.239650380924,942.8073771674036
B1M33P,121,-0.00047999999999999996,3,1.0591317146406745,0.3466834729935353,22.115221788581948,23.422932772599612,383.7462588529322,133.03848576741072
B1M33P,124,-0.00047999999999999996,3,1.0049158882241689,0.2963407874612001,33.752916314503935,33.91884187834575,674.2190864977156,199.798615014104
B1M33P,127,-0.0005,3,1.6534217684837291,0.3639156633859944,22.759831685037927,37.63160115506739,387.9393939794082,141.17722191357697
B1M33P,128,-0.00054,3,1.2223454371066715,0.3767588001913149,18.707483085512575,22.86700658932653,380.1895555659027,143.23976080027873
B1M33P,129,-0.00056,3,0.3739097931493287,0.3164959623916315,214.3107572206261,80.1328909020403,2776.5125866298686,878.7550231978986
B1M33P,132,-0.00047999999999999996,3,0.20857069395233224,0.16344725473630006,271.4957991489002,56.62606723362912,3525.0325171232225,576.1568877799803
B1M33P,135,-0.0005099999999999999,3,4.037480710824422,0.3011220517485378,21.189555702825164,85.5524224210962,686.8536071161519,206.82676742569976
B1M33P,136,-0.0005200000000000001,3,1.4571841593389872,0.3288299264317674,27.802557694044623,40.51344666087011,460.3097248661575,151.36361296356566
B1M33P,171,-0.00064,3,0.3898206487481665,0.1790426483638733,145.243714535066,56.618999026652915,2072.111322726377,370.996298925699
B1M33P,179,-0.00074,3,5.089998593985538,0.09906139911471566,24.3211086618026,123.7944088927447,233.63247794497863,23.14396014386753
B1M33P,196,-0.00064,3,0.6116088133285251,0.28921965678744743,17.094639778123632,10.455232348976796,265.30388783669065,76.73109938450312
B2M33P,3,-0.00055,3,0.9000159797594178,0.16086942255894604,32.845791603703496,29.561737311180863,416.2601358694336,66.96352769162421
B2M33P,52,-0.00038,3,5.242380941167679,0.18762125261907786,10.564302688662128,55.38209907176879,296.34979145476603,55.60151908614571
B2M33P,89,-0.0005,3,1.5383796857737153,0.27393068024152245,11.921021421144724,18.33905718796236,249.54934089930995,68.35922070637153
B2M33P,138,-0.00055,3,1.2355359423551902,0.1694772655067933,973.3290373345017,1202.5830093647535,16779.551017289436,2843.752422841945
B2M33P,140,-0.00047,3,1.3279796889085438,0.28107763925777823,1611.1628330534656,2139.5915178193495,19407.10037372894,5454.901957886475
B2M33P,141,-0.00047,3,0.3875148565595668,0.2986952698577991,41.9138224754571,16.242228904439905,564.9558004436723,168.74962527125157
B2M33P,142,-0.00045,3,0.9816240461185902,0.2302519105530389,26.580276813112288,26.09183887223943,520.2037425462136,119.77790559810684
B2M33P,143,-0.0005,3,1.5861769685727811,0.3385287217810918,19.632902645267922,31.1412580021556,266.6093957026401,90.25493794204405
B2M33P,144,-0.00044,3,1.525382407378879,0.2177305280351344,213.46626710229907,325.6176884066879,2884.446494183229,628.0320582676065
B2M33P,145,-0.00048,3,1.3307015552827213,0.3063021125263409,46.095925485802624,61.339919736153966,614.9466283562102,188.3594513564579
B2M33P,146,-0.00048,3,1.1565922063002203,0.2619359627870288,87.40507058467388,101.09202342935448,1137.849729157462,298.04376431381974
B2M33P,147,-0.00047,3,0.9899318800956332,0.26995268201963285,73.32016783041534,72.58197158929043,983.6054603880403,265.52693208090733
B2M33P,148,-0.00046,3,0.974624205340915,0.3004466022428028,86.83624235473053,84.63270369977035,936.2455989436464,281.29180906739646
B2M33P,149,-0.0005,3,1.1277384107866977,0.30974210865133683,37.31633145355612,42.08306032982304,517.3110160333108,160.23300493472325
B2M33P,150,-0.00042,3,0.8502277439838084,0.33880037440364136,29.86081320459765,25.388491844466976,326.32957472471264,110.56058209571371
B2M33P,162,-0.0004,3,2.5634689730421023,0.25152580415986964,15.510137896713154,39.759757265828654,290.53798942095483,73.07780142809737
B2M33P,164,-0.0004,3,3.102630544722744,0.3726520858453087,6.915499526976285,21.45624006441232,285.3077127832692,106.32051427643948
B2M33P,165,-0.00042,3,0.4512346442333056,0.2498695391386945,59.93717943826012,27.045731840171104,786.1718497412204,196.44039777865368
B2M33P,168,-0.00034,3,1.7124891502425563,0.2847024991201085,7.360498631744442,12.60477404723754,177.89822498593347,50.648069242526596
B2M33P,179,-0.00042,3,0.7499016194881643,0.2259423603867465,8.736242757995848,6.551322592462832,106.90988155178069,24.155470986476807
B2M33P,180,-0.00038,3,3.1567712728509023,0.2710398485802978,9.198787951653225,29.03846955082589,212.6284062891011,57.63077104446799
B2M33P,185,-0.00047,3,0.4683876176340022,0.27425312635795185,108.27591065931287,50.715095840867605,1206.426195453607,330.86615582328125
C1M33P,45,-0.0008,3,0.8679543175794906,0.6284828401695386,30.40618100576641,26.39117608505845,44.19219472685241,27.77403605525751
C1M33P,62,-0.00084,3,1.1379139433640848,0.3556263196818777,16.974592560264284,19.31562555724899,311.7378805629653,110.86219517003613
C1M33P,73,-0.0007700000000000001,3,0.08398882381022839,0.3054919129808837,493.8711743088567,41.47965904397714,6613.549339501839,2020.3858393178768
C1M33P,109,-0.00074,3,0.5613063797106148,0.3798389973991876,14.573215361568895,8.180038755345356,128.14681536377222,48.675157867674045
C1M33P,116,-0.0006900000000000001,3,3.0595572661380266,0.5567509054169285,12.891054573653786,39.44091968900428,449.0137728372756,249.98882457182413
C1M33P,117,-0.00074,3,1.1679952564982792,0.31615300239808586,26.94140874444419,31.46743761689207,408.6962003477942,129.21053080864476
C1M33P,121,-0.00065,3,1.1395093771718592,0.4841633425783595,21.632363060731414,24.65028055808959,380.63651296042593,184.29024642229092
C1M33P,122,-0.00074,3,0.4977979409129749,0.4657765866264522,34.79471372825817,17.320736848583337,702.175115453102,327.0567284897809
C1M33P,124,-0.00073,3,0.4957168455425486,0.3995829749861818,51.94254120015717,25.74879267320577,849.3699733333107,339.3937808084582
C1M33P,126,-0.00075,3,0.3878097901539535,0.4346448269129864,20.429600590801154,7.922799118047679,481.51592269427084,209.28840487529823
C1M33P,128,-0.0007700000000000001,3,0.2900898203160128,0.35730785615918514,42.54656855583399,12.342326427424805,609.2084742325337,217.67497388203483
C1M33P,129,-0.00072,3,0.8088145858482377,0.44988704030452215,28.338786099404306,22.92082354243149,449.62753383622925,202.28160043700257
C1M33P,132,-0.0007700000000000001,3,1.6859635510269682,0.5012323080387285,35.50084837990385,59.85313639905268,1113.0496344322307,557.8964372281299
C1M33P,133,-0.00056,3,1.1768975600625375,0.369753526582842,54.763916271871366,64.45151943983451,1047.2091000902183,387.20925782800265
C1M33P,137,-0.00073,3,0.6092860003475362,0.19232147891328685,501.6084648833352,305.62301530923486,6197.763395738578,1191.963022223078
C1M33P,140,-0.00063,3,0.4056400395859858,0.2798157834570883,61.743163356178215,25.045499227964118,846.3478791146056,236.8214948716984
C1M33P,143,-0.00063,3,0.8954260039102431,0.22473924910604887,124.59348243967187,111.56424409421645,1507.0798378039538,338.6999910909267
C1M33P,146,-0.00059,3,0.7148578321276281,0.29417324596825034,23.811791976877608,17.022045991664775,197.01513428005768,57.95658155603529
C1M33P,152,-0.00063,3,2.8439527774053714,0.12114479432066755,87.6652435597271,249.3158129036042,1090.6321237240122,132.1244043080583
C1M33P,155,-0.0006,3,1.9608646163779109,0.16265569780821856,37.148955210955975,72.84407180857139,390.15733298717214,63.461313252021974
C1M33P,177,-0.00054,3,0.3120444488963892,0.16562856799563624,22.21558092176113,6.932248705644088,139.56053347465152,23.11521130811359
C2M33P,13,-0.00062,3,1.2296648640602823,0.18702991611066547,11.065653008994119,13.60704470304301,176.60639712906232,33.030679639655396
C2M33P,48,-0.0006799999999999999,3,0.4949332831172775,0.16720733495632606,61.38755083394149,30.382742076771425,713.2044872222908,119.25302158733238
C2M33P,67,-0.0006799999999999999,3,0.8814534831427742,0.2567652223380627,11.828764544026566,10.426505708607964,220.80435713736458,56.69487985358842
C2M33P,74,-0.00073,3,0.676529067645689,0.20997083384309548,107.59386315104948,72.79037592197736,1956.2224251013688,410.7496537810968
C2M33P,79,-0.0007599999999999999,3,0.12602536955019633,0.27271394729188925,179.1772833682314,22.580883351481603,2398.0152681903546,653.9722094544101
C2M33P,87,-0.00075,3,0.4875262279220415,0.3428835586413164,113.86663466916771,55.5129708864365,1898.4590574139816,650.9503975409452
C2M33P,118,-0.0006900000000000001,3,0.3742290449202274,0.2522598860944534,1702.6744503673913,637.1902333710623,19760.72679902753,4984.838691466297
C2M33P,127,-0.00072,3,1.9566290941486384,0.3897089937196603,17.31950833418386,33.887853903013955,332.2419627440337,129.47768097242223
C2M33P,128,-0.0006799999999999999,3,2.5023498146674656,0.3529723484840461,11.311484595170967,28.30529138033997,202.58952635125786,71.50850089447405
C2M33P,129,-0.00073,3,0.4847648939666551,0.2320587940978558,124.28586775784866,60.249425505187205,1790.7619466961155,415.5620578666294
C2M33P,135,-0.0007099999999999999,3,0.8434589056507387,0.4616395426411748,38.41723658064221,32.403360324434,703.9112532997061,324.95326903325247
C2M33P,136,-0.0007099999999999999,3,0.5984898803620009,0.3928514615218918,53.53382497010783,32.03945250168013,1035.36011136583,406.7427329515351
C2M33P,137,-0.00072,3,0.4144788531132021,0.3148217542126615,33.105008900313464,13.721326121304273,560.5195708345993,176.46375456067673
C2M33P,138,-0.00072,3,0.6833967119241939,0.4892305950360461,20.576301672687688,14.06177690667506,473.4874513533446,231.64454756769769
C2M33P,141,-0.00074,3,0.4688527772370741,0.38292648765315257,222.00596938359,104.08811530870504,2355.343498361688,901.9234130443301
C2M33P,144,-0.0006900000000000001,3,4.293317710887104,0.29293874988505114,19.801504650928145,85.01415062004317,465.6434259156788,136.4050030799313
C2M33P,146,-0.00065,3,0.7843496668572773,0.2983606025933005,113.72403102888435,89.19940585117209,2004.509844532944,598.0667651190523
C2M33P,147,-0.00059,3,2.9485035088466987,0.5637536267544896,13.830068639400007,40.77800591086161,524.1264420888976,295.478182605543
C2M33P,151,-0.00062,3,0.7182162102525355,0.34171745430488537,44.890027786716956,32.24074563510686,1147.1858996899089,392.01344525649523
C2M33P,152,-0.00059,3,1.0369109551715,0.2821108627855429,538.9989705520045,558.8939373915342,7857.4544289905725,2216.673248260616
C2M33P,153,-0.00055,3,0.7635651820935515,0.2969614492831036,239.3667357099633,182.77210513951718,2809.7188834225612,834.3781916992673
C2M33P,154,-0.00063,3,0.3677308122315557,0.2245841195101682,271.86083884579966,99.971607082718,3739.5725273357934,839.8486033961238
C2M33P,156,-0.0006799999999999999,3,2.131123279151921,0.3074409363727139,28.151570370433284,59.99446696111385,552.5231161852139,169.86822420755198
C2M33P,158,-0.0006900000000000001,3,1.4349138428818091,0.2000096764574888,60.1823716416376,86.35651816604341,943.3019812460747,188.66952407073563
C2M33P,159,-0.0006799999999999999,3,1.1842943892253772,0.3202279749914967,29.556409120894127,35.003489487524675,597.0290375368431,191.18539970154555
C2M33P,160,-0.00058,3,1.0359055509960988,0.3436803722310469,13.77657918360282,14.271234850031464,196.0637141745085,67.38325026849668
C2M33P,161,-0.00067,3,1.4088546606933434,0.21251186747437564,54.72191901986453,77.09523065321986,1135.4046507021876,241.28696265981307
C2M33P,163,-0.00063,3,1.3193678784787841,0.1893116511700947,60.17830881530741,79.39732763209325,1038.3491024338775,196.57158307274318
C2M33P,164,-0.00063,3,2.0596778336545736,0.16478014300125413,74.1831626728442,152.79341578764857,817.1696118201334,134.6533254920009
C2M33P,166,-0.00066,3,1.309777703846674,0.25525384860704137,69.47121859324176,90.99185317248656,961.9180258619264,245.53327814574428
C2M33P,167,-0.00063,3,1.0528965494145262,0.2392448351447108,447.8583313529466,471.54849170806506,5652.348411146523,1352.2951638052175
C2M33P,168,-0.00066,3,3.7754255774637455,0.11424299690640465,150.75606065756,569.1682873642279,4215.477409120293,481.5887726091484
C2M33P,169,-0.00065,3,2.4793650182388585,0.16699617575460282,48.565135809178116,120.41069883129556,684.6891940909553,114.34047699369052
C2M33P,170,-0.00063,3,1.020167624640178,0.2161804350610107,105.14494113517591,107.26546484080376,1677.4652575745138,362.6351691821888
C2M33P,173,-0.00061,3,0.233799899916928,0.15990900018725407,48.78873241234372,11.406800755079743,722.1092657139967,115.47177070627741
C2M33P,175,-0.00058,3,0.16522011445584853,0.18602078073766928,223.71489589138818,36.96220070465339,3092.654072212518,575.2979250645047
C2M33P,176,-0.00062,3,0.18487161065365668,0.2020251256798573,324.8640982277292,60.05814908290802,3617.39536432628,730.8047531117496
D1M33P,2,-0.00093,3,1.1459407443844305,0.40429991335371374,14.42144140715168,16.526117301207844,149.62889764477137,60.494950352992774
D1M33P,14,-0.00091,3,4.066849150783349,0.314233698257099,6.00910179432099,24.438110529205016,63.89743113899306,20.07872609593411
D1M33P,20,-0.00081,3,2.1132097058605464,0.3274461998293466,13.30754533675142,28.121633966802353,245.54727270629522,80.40352132613658
D1M33P,61,-0.00088,3,0.6372396094255751,0.17623959401324404,58.400771188944226,37.21528462259521,557.5740800242904,98.26662949578899
D1M33P,99,-0.00081,3,2.034337644538199,0.2631269513284159,9.48870426244517,19.30322827898228,129.22747822052344,34.0032323720256
D1M33P,103,-0.0007700000000000001,3,2.8091802837260147,0.2639114846425478,17.88713808897822,50.24819565184224,415.15979481285757,109.56543781295677
D1M33P,117,-0.0008300000000000001,3,1.7856454632598897,0.2397278219316288,20.03213431549064,35.770289759868625,269.5203994340385,64.61153832246465
D1M33P,120,-0.00079,3,0.43864169437735306,0.2849670236445599,72.0344188660993,31.597299544913763,912.7345317464543,260.09924288939817
D1M33P,127,-0.0008300000000000001,3,1.6266184453994066,0.5146329184678101,19.548876700823282,31.79856342839784,175.81601065410095,90.4807066762876
D1M33P,130,-0.00081,3,0.6982553931833702,0.21189550940915552,1317.9215395715198,920.2458227983444,19590.875740403546,4151.218594784276
D1M33P,148,-0.0008,3,0.3771822964086824,0.2893230689625632,29.451560405611573,11.108607186607596,494.8825248008934,143.18093085133626
D1M33P,152,-0.00079,3,0.43364544915335385,0.30510971479862553,110.74248993568348,48.02297678852023,1354.5936197808874,413.29967299938437
D1M33P,167,-0.0006900000000000001,3,1.1598028753028886,0.25660201625833,27.14696526113878,31.48512836561639,298.1522574160028,76.50647040491894
D1M33P,181,-0.00078,3,1.1700920535347812,0.06551897567795315,23.599481911912193,27.61356625266625,172.3626304478437,11.293022992100296
D2M33P,84,-0.00081,3,0.8893680867190691,0.3945033446026067,11.154019628829491,9.920029096519023,63.03848157380839,24.8688918195372
D2M33P,161,-0.00074,3,2.3712266421247112,0.6127220324990279,5.771239286766205,13.684916354856842,56.970972588331136,34.907370117768664
D2M33P,164,-0.0007099999999999999,3,0.7248444056455926,0.4787159806242948,37.60307596582985,27.25637924889801,404.0565540821715,193.42832951512017
D2M33P,166,-0.00073,3,1.3007474415992657,0.4092827380166467,22.71394364386668,29.545104083389486,290.6744058557077,118.96801669998604
D2M33P,168,-0.00073,3,0.2810830889942863,0.2138169760427256,90.93001113510864,25.55888841214119,1091.391500873822,233.3580303955724
D2M33P,170,-0.00072,3,2.3914206584540008,0.27553425218870403,72.7394406893,173.95060114878154,975.8963610936979,268.8928740676296
D2M33P,173,-0.00067,3,2.368143931444768,0.2319364689894576,292.88020068709096,693.5824698974602,3787.308599238381,878.414983480759
D2M33P,175,-0.00065,3,0.1022532174945939,0.1803144401250576,153.77992509070666,15.724492126602385,1773.1154838581579,319.71832574895444
D2M33P,176,-0.00059,3,0.9499047316551904,0.2380642595479916,25.69287526983133,24.40578378863941,306.6433823563226,73.00082976594959
D2M33P,183,-0.00059,3,0.0233204332869649,0.1709314243558432,106.05197276267427,2.4731779557629645,1047.704565720869,179.08563372278823
D2M33P,187,-0.0007,3,1.146499936395238,0.3637947493117397,16.652672207933463,19.09228762720646,219.2497154312122,79.76189526196809
E1M33P,2,-0.0008900000000000002,3,2.1194512613647034,0.1910112552868204,30.679074699240772,65.02280356880779,389.3914762200483,74.3781546707795
E1M33P,3,-0.0008900000000000002,3,2.4461526418306234,0.2221400929189851,5.867556086254761,14.352937821481438,93.70509718349048,20.8156589953231
E1M33P,4,-0.0008900000000000002,3,0.478983401493031,0.249149855700678,128.2862203752023,61.446970199999,1335.033267756562,332.62334601715213
E1M33P,6,-0.0009199999999999999,3,0.916772690327012,0.21360188883092002,11.786596879510634,10.805630131028929,143.24672529662564,30.597771092203164
E1M33P,7,-0.0009,3,0.00044064820592885115,0.2204802290971531,98.69108258178305,0.04348804848083879,1696.9062506372675,374.1342788968958
E1M33P,9,-0.0008300000000000001,3,2.200005617227419,0.16912732358028393,46.31519944150171,101.89369893431198,469.01090188582685,79.32255856592505
E1M33P,10,-0.00084,3,0.8178825234930032,0.18540413584405308,119.82352536150242,98.00156729649343,1121.228141273067,207.88033461676685
E1M33P,13,-0.0008900000000000002,3,1.130429472711076,0.19031477083507528,484.1414356603206,547.2877478310795,5273.783486842121,1003.6788957321626
E1M33P,16,-0.00088,3,1.3620529465959914,0.2129416301880616,28.830519298129843,39.268693761910356,301.80976847616444,64.26786410599588
E1M33P,17,-0.00085,3,1.1433213004454452,0.1877093198985972,272.8868102761794,311.99730279937086,3042.067565973671,571.0244338944985
E1M33P,19,-0.00088,3,1.107409350320197,0.26016347319691546,18.618142371950725,20.617904948290885,268.5788037751348,69.87439441721189
E1M33P,20,-0.0008,3,1.35868035405067,0.27149699212388434,11.548346795462143,15.690511912758426,192.78636641148063,52.34091860321004
E1M33P,22,-0.00085,3,1.2762250017141734,0.2009142793015745,226.6017095518405,289.1947671612323,2308.1556400387162,463.74142693424307
E1M33P,24,-0.0009,3,1.7286769231914252,0.1514838264105119,862.8719467762993,1491.6268220614481,9705.993289360451,1470.3010025870715
E1M33P,25,-0.00088,3,0.6571145086530836,0.21260653706203464,125.52595854535384,82.48492857273753,1438.132837721321,305.7564424631272
E1M33P,26,-0.00088,3,2.462842094025979,0.17556453777176126,32.90832244995759,81.04800177353569,539.8437457760341,94.77741769614565
E1M33P,27,-0.00081,3,0.7795137327684445,0.1912800434228161,137.80028705841664,107.41721614146951,1329.6413899360389,254.33386280373912
E1M33P,29,-0.00085,3,1.2485107511389897,0.2050487363057552,64.98329459390736,81.13234194492551,674.4676595270745,138.29874126512698
E1M33P,30,-0.00088,3,2.06218826158541,0.1701613683070836,25.242355428323545,52.05448905905557,468.42467116698,79.707782994569
E1M33P,31,-0.00091,3,1.2587223359938746,0.17258960750616362,15.378168742061298,19.356844482315378,190.246228596605,32.83452192301593
E1M33P,32,-0.0008900000000000002,3,1.4156831234193226,0.19333475823074486,743.2005648093193,1052.136496916262,9158.67195871156,1770.6896288522025
E1M33P,34,-0.0009199999999999999,3,4.833033718531913,0.24972986096000474,49.9059381050196,241.19708161652642,570.3210435087586,142.42619489800708
E1M33P,39,-0.00085,3,1.3876111276128702,0.17914168026009394,185.87241746359788,257.91863478879316,2114.576801042684,378.80884117780084
E1M33P,40,-0.0008699999999999999,3,0.33997786481898634,0.17396810734776022,25.182659436928034,8.56154678583049,377.8919180044239,65.74114175724462
E1M33P,41,-0.00079,3,0.5620162046685276,0.23492390054460804,204.85517209762784,115.13192632902685,1986.4607726665765,466.66711299368797
E1M33P,44,-0.0008,3,2.9130728614941344,0.11765836853628613,45.55972576892585,132.71880071457284,549.9138681045821,64.70196855666356
E1M33P,45,-0.0008900000000000002,3,1.3107902715480129,0.231583278552186,15.544025508920456,20.374957417787087,340.1751402494953,78.77887426092781
E1M33P,49,-0.00088,3,1.6894262082812097,0.21272458392461485,40.286711973382786,68.06142705330929,401.4596280181065,85.40033233268237
E1M33P,50,-0.0009199999999999999,3,5.185170018168646,0.2552687584885259,75.24171474334985,390.14108340281547,727.7602298957353,185.77445036280847
E1M33P,51,-0.0009199999999999999,3,5.327433617424483,0.14035605696304596,164.20155240851432,874.7728703344072,827.812979420187,116.18856569424857
E1M33P,54,-0.00088,3,0.7534405848628966,0.16782505156296834,155.7019978832889,117.31220434950669,2048.361460293675,343.7663676933832
E1M33P,55,-0.0008300000000000001,3,0.7939964310275788,0.21793524916581225,40.54177598059807,32.190025436114475,475.76631248725295,103.68624985660915
E1M33P,57,-0.0008300000000000001,3,1.94900134014516,0.17559068176016598,35.593512474249614,69.37180351278596,372.3331970724601,65.3782399158955
E1M33P,58,-0.00088,3,1.22625313118752,0.20993117457141505,141.56515505833426,173.59471465732918,2185.1462401608705,458.7303168072831
E1M33P,61,-0.00088,3,0.7107622815114887,0.16271882260203294,480.0231818458988,341.1823719071952,6707.8804052793175,1091.4984017022982
E1M33P,63,-0.00088,3,1.3685185218189262,0.2252807689459784,21.979281431762036,30.07905373563716,301.5823593087647,67.94070580562085
E1M33P,65,-0.0008900000000000002,3,0.33139934153707706,0.17256780777174835,35.31525867999637,11.70345347276234,442.5461635249637,76.36922127730064
E1M33P,72,-0.00088,3,1.5153899813387557,0.185220010237331,721.5662334233677,1093.4542410021131,9272.578905805363,1717.467159859729
E1M33P,73,-0.0009199999999999999,3,1.0884115735662678,0.21333299546474246,15.97956649188141,17.392345110335455,210.21819011117915,44.846476197594576
E1M33P,74,-0.0008699999999999999,3,0.553757915869052,0.1926356820426172,53.564367678638064,29.66169261056623,704.4924386665185,135.7103814163915
E1M33P,77,-0.00085,3,1.7164334983716334,0.15418520795145274,75.59997713561151,129.76233323169322,758.1505171901292,116.89559515146156
E1M33P,79,-0.00085,3,0.6607191943916788,0.1572128070766228,25.991069319378923,17.172798382078323,256.0890408102855,40.2604769673448
E1M33P,80,-0.00091,3,1.872107535462636,0.16753109619574938,48.424455960741604,90.65578890478292,468.0454095818458,78.41216053663513
E1M33P,82,-0.0008300000000000001,3,2.601076256311921,0.19614459498728026,21.84579241431181,56.82257194918552,280.29283182428605,54.97792397601245
E1M33P,87,-0.00088,3,0.2719229355127234,0.2017742555568742,46.91304843338276,12.75673384385601,861.8599890543998,173.90115768570723
E1M33P,96,-0.00088,3,0.6398539105118467,0.22342520763445048,64.40862272346801,41.2121091202932,691.1825846247036,154.42761248309054
E1M33P,114,-0.0008699999999999999,3,1.0329760536520864,0.2526125926661288,30.817495653267088,31.83373504335217,538.0207961984369,135.91082823598202
E1M33P,127,-0.00088,3,1.6567029677883454,0.233070025473462,11.427943979419053,18.9327087064225,200.10595130743863,46.638699168616064
E1M33P,134,-0.0008900000000000002,3,2.104319814504597,0.26625166551882484,8.75261230181289,18.418295495381557,139.89899910245572,37.248341515445425
E1M33P,143,-0.00088,3,0.2801361782963491,0.2421066806249764,167.0359449949399,46.79281126900164,1394.2565753553547,337.55883139883224
E1M33P,157,-0.00088,3,1.2649776316426504,0.1800310904382091,10.519193619159104,13.306544631154365,191.67096937811058,34.506733622489854
E1M33P,161,-0.00088,3,0.8637789462784922,0.2862890764649796,15.162342864266677,13.096912542409484,132.76708484376044,38.00976610486777
E1M33P,166,-0.0008,3,1.2396539680433232,0.12961220789402908,65.71219309272716,81.46038091622826,593.8618400152319,76.97174426838488
E1M33P,183,-0.00088,3,0.2522518653785632,0.2086017470644489,90.69265588122394,22.877391622174862,1056.039964333553,220.29178152985745
E1M33P,189,-0.0007700000000000001,3,0.09553292508204854,0.17489244180741584,111.0612854072335,10.610009458325248,2302.5982526546977,402.70703090826913
E2M33P,0,-0.00084,3,2.161551471955017,0.1935357275809556,31.53795441159268,68.17091178082836,382.2397770957196,73.97705337060233
E2M33P,1,-0.00084,3,0.6847671516661532,0.2282154332389738,46.323516213017136,31.720822252348622,544.0525758475358,124.16119430182505
E2M33P,2,-0.00084,3,1.5848307742569083,0.2915716006544203,21.59959291945641,34.23169957017613,467.2978796237829,136.25079074432298
E2M33P,3,-0.00088,3,0.439478596196161,0.17205076129503147,42.07811314249239,18.49243009444579,508.67669488840096,87.51821260858982
E2M33P,8,-0.00088,3,1.4375873352184945,0.1911684017377752,749.7342466788757,1077.8084578051303,9731.16523248866,1860.2913045410626
E2M33P,9,-0.00088,3,0.7988822533195127,0.2496704591514748,14.375273059775386,11.484150534076646,223.2657650571028,55.74286607461216
E2M33P,10,-0.0008900000000000002,3,4.4159737761429785,0.18322349387874656,4.425559359293104,19.54315407540247,69.23639466053184,12.685734133270438
E2M33P,11,-0.00088,3,1.6801424581003932,0.1891286112638211,124.69419473137123,209.5040108468152,1428.6627295032504,270.2009979953299
E2M33P,12,-0.00088,3,0.8645452642808693,0.1694159447457204,17.725000192050622,15.324064975414865,188.5669858725071,31.9462540594437
E2M33P,13,-0.0008900000000000002,3,1.888229375696885,0.18822729145458614,42.24182350045033,79.76225201655332,437.0004137578103,82.25540424616608
E2M33P,15,-0.0008300000000000001,3,2.323616505635368,0.2369367094298126,34.39061930383369,79.91061065341026,323.4973039284198,76.6483867022158
E2M33P,26,-0.00088,3,0.9184207905173456,0.15205830004312434,90.67805495009422,83.28061090984085,712.8941371792157,108.40147061018145
E2M33P,28,-0.00084,3,1.4692307956893371,0.07711356078640551,24.848622371643863,36.50836121887418,228.2721303710792,17.6028768012125
E2M33P,31,-0.00081,3,1.6486737626444707,0.14130418553587873,19.987796932452017,32.95335637559928,262.26566561511044,37.059236273768285
E2M33P,33,-0.00079,3,1.0480420514204989,0.15921345305225834,39.70156599675631,41.60891067184679,386.2680161671762,61.49906465762169
E2M33P,39,-0.00088,3,0.2348972699909184,0.2154902741002424,117.68718121041508,27.64439757925301,1165.7453133170732,251.20677709776902
E2M33P,66,-0.0008699999999999999,3,2.8394954206846736,0.2801308442032781,12.785537232223213,36.304474421891214,259.126298635907,72.58926879214741
E2M33P,70,-0.00088,3,0.7593726209812597,0.2245857079979596,72.60845837073548,55.1368753383941,1255.8756651878507,282.0517254236218
E2M33P,73,-0.00092,3,0.3532678869591553,0.16433007740417854,436.0473545930477,154.04152757121554,5965.719167222852,980.3470925213228
E2M33P,77,-0.0008900000000000002,3,2.007715107602184,0.1444220691471101,48.243084123704996,96.85836883248562,430.6686316317792,62.19805489701611
E2M33P,80,-0.0008900000000000002,3,0.5462320823575226,0.22391275202163732,27.98314856845357,15.28529351346632,432.5371478160331,96.85058311907773
E2M33P,81,-0.00085,3,2.0186473373553784,0.13146821593846916,73.32644303966454,148.0202289997596,613.9916626367162,80.72038848794351
E2M33P,82,-0.0008900000000000002,3,0.7744246249354494,0.22312127332570825,26.589976313856848,20.59193243390108,380.75932672796563,84.95550581018306
E2M33P,85,-0.00085,3,0.989823328926357,0.20985988193544688,219.02170648727343,216.7927946223645,2347.799318450149,492.7088877780707
E2M33P,88,-0.00088,3,2.287413107694265,0.13911042559281464,107.03665382550872,244.83704496420208,1219.1443896303815,169.59569490057459
E2M33P,91,-0.0008699999999999999,3,1.6920611698111858,0.22795246525859145,24.91609160767417,42.159551112803825,381.99530275288964,87.07677097972321
E2M33P,93,-0.00088,3,0.8038664832373416,0.16476305004394493,173.56119118856876,139.52002438723864,3061.1262320663586,504.360494564782
E2M33P,94,-0.0008300000000000001,3,1.027573943457733,0.21430997768664334,317.2618075688763,326.0099667120785,2811.649834446575,602.5646132828998
E2M33P,95,-0.00088,3,4.871521907922121,0.2776318262711021,9.100569733385283,44.33362483075938,328.8703927683005,91.3048877507579
E2M33P,96,-0.0008699999999999999,3,1.6416253319541485,0.1892417642477112,50.83983485518494,83.45996077063704,498.18399525522864,94.27721818207287
E2M33P,98,-0.00096,3,1.8244029450783816,0.2824464168564564,48.858581833204966,89.13774058885227,674.3788852517135,190.47589974299785
E2M33P,99,-0.0008699999999999999,3,2.145086747058613,0.21965538682146207,33.33375468561391,71.50379540581334,363.66781800862236,79.881595239201
E2M33P,101,-0.00084,3,1.4700564246354058,0.21187550853137554,16.63270270607291,24.45101147211318,277.7496950810862,58.84835788973964
E2M33P,102,-0.0008900000000000002,3,1.2670981452105992,0.2265386055267632,117.01308390721172,148.26706158420015,1351.2759668494373,306.11617321190016
E2M33P,107,-0.0009,3,1.4083912480217808,0.1958196437799353,147.21429252607558,207.33532117744312,1406.4377013694045,275.40812968082776
E2M33P,109,-0.0008699999999999999,3,1.5564124094400518,0.19592987586016786,123.73489500592672,192.5825260679863,1526.8142840705118,299.14853313946634
E2M33P,110,-0.00088,3,1.6836275375635243,0.1786417936192519,1098.4567865763083,1849.3920947034119,11478.556706294341,2050.549958172713
E2M33P,113,-0.00079,3,0.8890229938035328,0.1979592838526478,172.77291577230883,153.5990948280636,1742.5591984999523,344.95577100589463
E2M33P,114,-0.0008699999999999999,3,0.5838332880430879,0.1864712888541125,230.71729814165766,134.70043878246142,2656.3170030153706,495.3268551573694
E2M33P,117,-0.00085,3,2.1021588380446423,0.15878119547316355,34.02869068835276,71.53371287760818,331.83004389681736,52.68837106384901
E2M33P,118,-0.00088,3,2.8461040556729373,0.29253111370413754,24.717872488315354,70.34963713660083,293.6506010235621,85.901937357312
E2M33P,120,-0.00085,3,1.1869577127694326,0.2215925055785337,66.42999700402932,78.8495973031829,711.8055581459558,157.730777114289
E2M33P,122,-0.0008300000000000001,3,0.9977527673896139,0.20316497836205205,50.121433048014154,50.008798529189384,489.4704522181678,99.44325383376793
E2M33P,123,-0.00088,3,0.4180019399226147,0.2306419846222001,38.05523053450307,15.9071601876246,538.9179379510524,124.29710275753438
E2M33P,126,-0.00092,3,2.2320503356520343,0.3365398285162333,9.630845807269727,21.496532616729393,186.25185441010368,62.681167144006736
E2M33P,136,-0.0008900000000000002,3,3.489499228576368,0.21195217258630314,31.54198661467459,110.06573795967309,454.1604125819729,96.26028614944096
E2M33P,149,-0.0009,3,0.2733264544894415,0.24711884926034186,83.49924569818249,22.82255277922697,1074.0083964355479,265.4077190230977
E2M33P,157,-0.00085,3,0.22006729339636985,0.33784588229245044,308.5215214149925,67.89549617232757,2622.2660716340383,885.9217945767598
E2M33P,160,-0.0008900000000000002,3,0.8428887287244162,0.1583707016777234,90.7802414893348,76.51764234224092,1177.934052961528,186.5502424976018
E2M33P,175,-0.0008699999999999999,3,1.5357621298093986,0.3022688720268983,9.90130397666814,15.20604768309813,173.62352588605114,52.480987326909656
E2M33P,192,-0.0008699999999999999,3,1.5370751226897357,0.05534953795258626,23.00229952974591,35.35626237183025,209.1431443838632,11.575976407597866
K1M33P,38,-0.00054,3,0.915389116428216,0.2908259200421818,20.58183446763289,18.840387267798274,184.66440358246686,53.705195070911685
K1M33P,39,-0.0005,3,1.2820030089429584,0.2263462756495041,113.26352816514485,145.20418391121117,1277.180364055761,289.08501873669917
K1M33P,89,-0.0005,3,0.5144645138514424,0.1935459550006628,17.004505392143628,8.748214599853402,222.46874765659982,43.05792622299806
K1M33P,90,-0.00045999999999999996,3,0.12088614583393575,0.1822249526896839,187.8897104209148,22.713262934638664,2711.1105718826057,494.0319956978096
K1M33P,97,-0.00045999999999999996,3,0.8595175401802363,0.2357145211583297,26.76100191639648,23.00155053993969,285.6283463096533,67.3267488796255
K1M33P,101,-0.00047000000000000004,3,1.6774356436901898,0.2379695678306447,25.416854407478667,42.63513753358882,376.27128713189086,89.54111558585647
K1M33P,105,-0.00039,3,0.9713370520014484,0.27325168256989985,1780.4253079975106,1729.3930699790726,16384.484910725256,4477.088069896811
K1M33P,111,-0.00042,3,0.9788899600707084,0.2517203995595884,33.61244693543438,32.90288683850616,425.6458385747497,107.14374055691204
K1M33P,112,-0.0004,3,0.6545224684927121,0.22286339406790293,189.28902486472444,123.8939198130378,2833.953779465714,631.5845579232903
K1M33P,113,-0.00037999999999999997,3,1.1269191632265347,0.2996837575707875,27.928326424079145,31.472966244140803,453.01248319885565,135.7604831915063
K1M33P,114,-0.0004,3,0.3273940345960165,0.21666155235847928,239.3790088464915,78.37125950384836,3747.1332714919954,811.8597114955627
K1M33P,115,-0.00042,3,0.4747184912994946,0.2625126085136769,48.97558216853261,23.249614477560225,569.6549076452558,149.54159575857378
K1M33P,118,-0.0004,3,1.0592852133986417,0.2467579029674469,60.55277230064263,64.14265632836558,776.6448325588748,191.64325023273184
K1M33P,121,-0.00039,3,0.6790130567130983,0.32238149726661713,71.26964774516375,48.393021366309405,891.9870656081865,287.56012575322336
K1M33P,122,-0.00037999999999999997,3,0.807692407908216,0.300684312280018,39.097254675034335,31.57855577107924,665.1453912037498,199.99878452032294
K1M33P,123,-0.00037999999999999997,3,1.1176907391704136,0.2567396303461381,459.1227444011509,513.1572395596712,5546.757515027181,1424.072474027742
K1M33P,124,-0.00037999999999999997,3,0.17455275159676814,0.156966428958522,159.60171343487542,27.85891823961638,1903.9732891315664,298.8598880273935
K1M33P,127,-0.00035,3,0.8868454933377045,0.2768355730226202,18.493001440121343,16.400434985459288,211.53289969697656,58.559831500748956
K1M33P,128,-0.00037999999999999997,3,0.7460071896993679,0.3477121750668919,48.08303891184122,35.870292730828034,796.8970011425513,277.0907895715599
K1M33P,130,-0.00037999999999999997,3,0.7686124154928319,0.2643220716037851,97.27277023949732,74.7650588954593,1602.332508436372,423.53184802799143
K1M33P,133,-0.00035,3,0.7240882997738486,0.2744484680638086,32.3225702787797,23.404394957482324,485.33914269460814,133.2005842039374
K1M33P,140,-0.00037,3,0.3827161271802783,0.21843024435106914,1242.151050850315,475.3912395543455,16266.212325882543,3553.032733008897
K1M33P,144,-0.00037999999999999997,3,0.9447831912207794,0.2869080933445182,20.898240728960218,19.744306566807104,374.5961526206143,107.47466792257258
K1M33P,155,-0.0003,3,0.979031520805994,0.3310259072211526,30.647590546237154,30.004957181521963,563.3077549534784,186.46946062818589
K1M33P,185,-0.00058,3,2.0210564088018885,0.4021104836607358,19.86794082059565,40.15422912516149,173.7406829751823,69.86295006269711
K1M33P,186,-0.00054,3,1.363442895913977,0.18323725953697825,57.36354688407437,78.21192048351956,647.4853953894467,118.64344944137899
E1M33R,4,-0.00081,3,1.3309718711153973,0.2261808861426115,45.651388538794336,60.7607140224951,478.0240941276865,108.11991320731927
E1M33R,6,-0.00082,3,0.554640514469748,0.2534307312103345,46.63554274525108,25.865961420801984,657.8923248335161,166.73013294022488
E1M33R,11,-0.00077,3,0.6801468138483711,0.2244655478654655,850.2949733993471,578.3254169888513,10900.618895036574,2446.8133923470295
E1M33R,13,-0.00078,3,1.2590035527823127,0.2954206095717435,17.13771824843064,21.57644816135645,213.81228593483118,63.16455584479574
E1M33R,16,-0.00082,3,1.5046472850952466,0.18377377080162013,454.55646246739457,683.9471471740646,6121.467399877306,1124.9651469146415
E1M33R,17,-0.0008,3,0.9941756531621606,0.21515900990029355,86.39656937785091,85.89336579219486,1181.907192476421,254.2979813272624
E1M33R,18,-0.00078,3,1.5540878182332327,0.2585324467869477,25.800784381266254,40.09668470778814,329.40766497886614,85.16256961736141
E1M33R,19,-0.00079,3,1.9159404401085478,0.16189068450782737,650.9450508477123,1247.171947207647,9558.517545912367,1547.4349483878314
E1M33R,26,-0.0008,3,1.1919573605101195,0.18898456204511546,1728.4276754599487,2060.2120898738817,15486.40487267764,2926.691442516326
E1M33R,28,-0.00078,3,1.6868660642879856,0.24298937850412183,21.92663789347862,36.987301366440086,278.6814631633098,67.71663553467197
E1M33R,32,-0.00082,3,1.2993942476402827,0.18879122962834508,309.92612374532695,402.71622238812824,3386.8110122413445,639.4002155198635
E1M33R,36,-0.00078,3,1.2711587143846819,0.17714848370237518,679.1625667936114,863.3234152635678,6623.866420748412,1173.4078926826603
E1M33R,38,-0.00082,3,1.5037632270896644,0.1909217888295693,537.587476533207,808.4042785545646,7199.497644731424,1374.5409690063946
E1M33R,43,-0.00082,3,0.5385123744658382,0.2307738818949932,34.46087329922561,18.557606706532386,1640.8803464843297,378.67232728339025
E1M33R,48,-0.00081,3,1.1983252410840952,0.2163622685965227,47.32613556568111,56.7121028113234,542.1932197442235,117.31015504151313
E1M33R,49,-0.00078,3,1.261684329114826,0.1972663937876326,791.0661375917643,998.0757490929219,8834.650974050392,1742.7797380233167
E1M33R,52,-0.00074,3,0.6778601949992562,0.1882552697805253,505.6601294515816,342.76687395339826,7698.045853728374,1449.1976989764892
E1M33R,53,-0.0008,3,0.995002922175704,0.1782562154575886,606.8312972151039,603.7989139967015,8203.714440343134,1462.3630888303367
E1M33R,54,-0.00082,3,1.268107603016371,0.18475206848868023,203.4573461740491,258.0058075728454,2717.8748554174413,502.13300143174496
E1M33R,100,-0.00079,3,1.035304223918898,0.11612578000167441,27.952178289376242,28.93900825072534,272.45126141402113,31.638615244143303
E1M33R,103,-0.00081,3,0.7155224487185156,0.23347374712699315,13.299140347156227,9.515833467048433,224.77449910568563,52.478944564797395
E1M33R,124,-0.00082,3,3.449217129830681,0.30187247453298743,14.06414426393548,48.51028731157617,278.53327029089724,84.08152754247858
E1M33R,134,-0.00081,3,0.3430218334704651,0.2054440714578384,34.04310546670476,11.67752845421748,413.65687118755164,84.98335180328122
