Mask Name,[OIII]/H_Beta,[NII]/H_Alpha],Redshift,QOP
M33D2A,0.3968698668368377,-0.07258973873469576,-0.00049,3
M33D2A,0.1562999524322899,0.07362986494770457,-0.00046,3
M33D2A,2.3753790380814417,0.2258334485901825,-0.0005,3
M33D2A,-8.445114082070921,-0.8359771254539323,-0.00046,3
M33D2A,1.9005712992620087,-0.1977084578370069,-0.0005,3
M33D2A,0.3435510319356052,0.05484580454575379,-0.0005,3
M33D2A,0.6377427077427051,0.31921566711824045,-0.0004,3
M33D2A,27.56800140103164,0.2985004288104691,-0.00046,3
M33D2A,0.23539976282583705,0.2306823220709253,-0.00046,3
M33D2A,-0.7107984431399677,1.5434325103481084,-0.00042,3
M33D2A,0.19536717375633844,-0.7629815719422719,-0.00055,2
M33D2A,1.1895001024993601,4.171036424474384,-0.00024,1
M33D2A,305.08067303680616,0.06726426826602666,-0.00046,3
M33D2A,2.0585842396740053,0.20862202221035045,-0.00044,3
M33D2A,-0.3597642685393058,0.2980429433847115,-0.00044,3
M33D2A,1.6727344788509844,0.3429269458151258,-0.00042,3
M33D2A,34.15484454031276,-0.3927909137067481,-0.00048,3
M33D2A,-2.4800904019432104,-0.36401337493797215,-0.00042,3
M33D2A,-0.0122666171585743,-0.06469156051054192,-0.00057,3
M33D2A,-0.07249060026784906,-0.5079161994329484,-0.00057,3
M33D2B,0.2957870326444993,0.1906482800622616,-0.00055,1
M33D2B,-0.32581334550458513,0.06323559266356797,-0.00045,3
M33D2B,1.5587890177406991,0.5349878515190981,-0.00045,3
M33D2B,3.7522720809243055,0.3969264906500137,-0.00045,3
M33D2B,-0.05768921340399271,1.8032225782465907,-0.00055,3
M33D2B,0.6604855504943807,0.2852953739124946,-0.00042,3
M33D2B,-1.1927142534648627,0.5268216147628534,-0.0003,2
M33D2B,0.16988409218795367,1.5372818221785938,-0.00049,3
M33D2B,-7.033712140765068,0.10214880390122434,-0.00045999999999999996,3
M33D2B,-8.957140283919996,-0.4317199279941621,-0.00074,2
M33D2B,-4.175744537324341,11.200855118306825,-0.00058,3
M33D2B,-1.71775550010757,-0.46705979393971997,-0.00045999999999999996,2
M33D2B,0.34882149430655224,0.07067173407299472,-0.00049,3
M33D2B,0.05394955431161964,0.1875893515546328,-0.0005,3
M33D2B,2.9542775490283195,-0.5478979093477512,-0.0005200000000000001,3
M33D2B,0.5352371965716146,1.7956580333557883,-0.00049,3
M33D2B,-0.0583862479242273,0.13225473170685087,-0.00047000000000000004,3
M33D2B,-0.09140975770080784,0.17666351596795574,-0.0005,3
M33D2B,-0.06850459127716264,0.2290192537299188,-0.00045999999999999996,3
M33D2B,-0.16558728532032976,0.19953198258019766,-0.00047000000000000004,3
M33D2B,64.44521260151838,1.235771334548844,-0.00047999999999999996,3
M33D2B,0.017877586326052648,0.08813190831368622,-0.00044,3
M33D2B,2.2945721356498554,0.4077230014924204,-0.00042,3
M33D2B,0.8682542348123965,3.9456025811990254,-0.00054,2
M33D2B,0.6461999158377858,-4.473727369200718,-0.00042,1
M33D2B,4.502265110885929,0.14084235730718034,-0.00044,3
M33D2B,2.315692298561744,0.6028845270104485,-0.00084,1
M33D3A,0.4930410847717803,-0.3295858806949442,-0.00034,1
M33D3A,-3.4317920080262256,0.635400631398794,-0.0005,3
M33D3B,2.3357100792278573,-0.13131424968898242,-0.00042,3
M33D3B,5.1252993239774005,-1.130261793389836,-0.00045999999999999996,3
M33D3B,0.8852742944357399,0.10043104592128617,-0.00042,3
M33D3B,-1.6335515924532311,0.013332457886429866,-0.00026000000000000003,2
M33D3B,-0.2969258275934583,0.8976942010044721,-0.00044,3
M33D3B,14.164082074425805,0.15612892990261384,-0.0004,3
M33D3B,13.536622625132074,-0.463069857330433,-0.00045999999999999996,3
M33D3B,3.1616781905787237,0.11527596480554762,-0.00045999999999999996,3
M33D3B,3.135142802319963,0.11786516143291198,-0.00045999999999999996,3
M33D3B,0.8545714384531837,0.16277710092277567,-0.00044,3
M33D3B,2.0338879408585697,0.12767693362498644,-0.0004,3
M33D3B,0.8064963456058354,0.10233513505510773,-0.00043,3
M33D3B,0.94938474562943,0.09296392673950156,-0.00041,3
M33D3B,1.6888986556797396,0.1373207154887265,-0.00044,3
M33D3B,1.941314380088201,0.11807169485279374,-0.00047000000000000004,3
M33D3B,0.4281192851671367,-0.3395285889104637,-0.00045999999999999996,3
M33D3B,1.4333136095971162,0.1422047119279874,-0.0004,3
M33D3B,0.14883326982003256,-2.279825715722245,-0.00042,1
M33D3B,0.2244107484713561,0.2264975209654317,-0.0005200000000000001,3
M33D3B,0.8695014831117623,0.09030389713059066,-0.0004,3
M33D3B,-0.13011101280741322,0.14362827444263873,-0.00042,3
M33D3B,6.534233213057629,0.020031857755303376,-0.00037,3
M33D3B,0.5816981984425197,0.06914128134929083,-0.00044,3
M33D3B,0.9234055437759966,0.03326654183904985,-0.00049,3
M33D3B,0.5149533390235996,0.1009445252096386,-0.00042,3
M33D3B,1.5590942841930189,-1.2049737695384133,-0.00045999999999999996,3
M33D3B,-0.0321646920924006,-0.004257179685868013,-0.00044,3
M33D3B,0.21318219791258344,-0.025331237979698662,-0.00042,3
M33D3B,0.8970559944590275,0.3790214980600399,-0.0007099999999999999,1
M33D3B,2.5832689651498515,0.11050174356283332,-0.00047000000000000004,3
M33D3D,-0.12742529009961065,0.1486332963239471,-0.00063,3
M33D3D,4.56315694464675,-0.02785586996608048,-0.00042,3
M33D3D,0.14762802520978846,0.623952231889071,-0.00042,3
M33D3D,1.0442446712109767,0.11346077735237135,-0.0004,3
M33D3D,0.23751581147409925,0.1790180702855201,-0.00042,3
M33D3D,2.756770194161256,0.04174766269039423,-0.00044,3
M33D3D,-1.283824062293781,-0.1255599763102576,-0.00042,3
M33D3D,1.6209315349271216,0.12340316281355125,-0.00044,3
M33D3D,2.8255869795783366,0.2442863684590533,-0.0004,3
M33D3D,-0.18980079748052586,-0.32641649036372444,-0.0007599999999999999,2
M33D3D,3.1589765725564374,-0.8174889905851066,-0.00053,3
M33D3D,0.9528382122796624,0.10577928217926792,-0.00042,3
M33D4A,0.39568529297706345,0.1782935183997484,-0.00039,3
M33D4A,0.0014731355167658304,0.3244463570068327,-0.00045999999999999996,3
M33D4A,0.44572487924832394,0.07020465237747373,-0.00036,3
M33D4A,7.338178529388393,-0.2377108938742872,-0.00033999999999999997,3
M33D4A,0.2187011854495948,0.11608858474829732,-0.00043,3
M33D4A,1.1971233015672755,-0.2365496407197137,-0.00042,3
M33D4A,0.6607563549882608,0.04285972918926408,-0.00043,3
M33D4A,0.6425266793436761,0.07426615100776049,-0.00036,3
M33D4A,-17.636032678780523,0.1742130424363684,-0.00037999999999999997,3
M33D4A,0.2985364163518657,0.1832869714211717,-0.00037999999999999997,3
M33D4A,0.7334836055053461,-0.2885731629683527,-0.00037999999999999997,3
M33D4A,0.025072646121159312,0.15894841062801973,-0.00045999999999999996,3
M33D4A,0.4423363220385067,0.10514670055417424,-0.00042,3
M33D4A,-0.07063249381408873,-0.4133151814577816,-0.00042,3
M33D4A,1.6178959486718512,0.16100382757443896,-0.00042,3
M33D4A,0.06803957908253631,0.1846937220037098,-0.00042,3
M33D4A,0.15576755122197586,0.3804375359433848,-0.00045999999999999996,3
M33D4A,2.9736170389527676,0.1307717957040133,-0.00045999999999999996,3
M33D4A,0.3779686653381896,-0.048399406827362566,-0.00045999999999999996,2
M33D4A,1.7929406054567816,0.08880071288474266,-0.00045999999999999996,3
M33D4B,-0.4610058738769866,-1.2871071810638766,-0.0006,1
M33D4B,-1.1587732987571495,0.04149823287783907,-0.00046,3
M33D4B,1.8609181653147864,0.2756683483886019,-0.00044,3
M33D4B,0.8268650584246768,0.1149547214644752,-0.00044,3
M33D4B,0.3896375454348153,1.605434809013062,-0.00042,3
M33D4B,-24.695653385521087,1.3587271625690789,-0.00042,3
M33D4B,-0.09198483948674484,1.3571717715155025,-0.00039,3
M33D4B,-0.3910616247453197,0.09446622911174596,-0.00048,3
M33D4B,2.881511535364635,0.4601789507935322,-0.00046,3
M33D4B,-1.8566368409209069,0.323809689729807,-0.0005,3
M33D4B,-2.0653212440986337,-0.09823266172694478,-0.0005,3
M33D4C,-4.088783574566511,0.19686404903840765,-0.00033999999999999997,3
M33D4C,15.693085397269886,-0.04375156774880045,-0.00036,3
M33D4C,6.53224517079021,0.04923833893932643,-0.00037999999999999997,3
M33D4C,0.8042233854903209,0.09961843319995098,-0.00042,3
M33D4C,2.903463625248875,-0.10954485147669718,-0.00045999999999999996,3
M33D4C,0.8513978720805688,3.665314043547833,-0.00047000000000000004,3
M33D4C,1.0338707925450403,0.007630791568328464,-0.00047999999999999996,3
M33D4C,-0.09539859615795933,0.601937598559081,-0.00045999999999999996,3
M33D4C,2.896039662571609,0.06570836547355334,-0.0005,3
M33D4C,0.5701133144931001,0.09014903466880601,-0.0005,3
M33D4C,0.1937673633002258,0.606989046242572,-0.0005,3
M33MA2,-0.03358590098909508,-0.3602188499907216,-0.00059,3
M33MA2,0.2146449945491493,0.04524528310530607,-0.00057,3
M33MA2,0.6046347092704496,-0.7590916497925316,-0.00056,3
A1M33P,-1.6125735476732888,0.3044826977526873,-0.00054,3
A1M33P,-6.53731375133304,0.1529939000360007,-0.00043,3
A1M33P,1.52011063798317,-0.13100923205356466,-0.00042,3
A1M33P,1.2307147668334113,1.1270196235752399,-0.00039,3
A1M33P,0.6178091072218298,1.3837751425074674,-0.00042,3
A1M33P,5.563087302833294,0.2760977584478895,-0.00035,3
A1M33P,1.3153123516319336,0.15839275678944958,-0.00036,3
A1M33P,0.3484598869975629,0.13222303971900348,-0.00026000000000000003,1
A1M33P,0.8112561205776043,0.3047660545994753,-0.00036,3
A1M33P,0.1044893912359768,0.2409325229959393,-0.00035,3
A1M33P,10.015935762026398,0.15277010112035438,-0.00033999999999999997,3
A1M33P,-13.320105574856932,0.1301266326586313,-0.00033999999999999997,3
A1M33P,2.3230296342732557,0.1980947911518504,-0.00033999999999999997,3
A1M33P,-1.8016029402254887,0.14611424737138007,-0.0004,3
A1M33P,1.1709855510809228,0.2854331935349725,-0.0003,3
A1M33P,0.9752720501564752,0.07515783740362553,-0.00042,3
A1M33P,0.6213393240587652,0.2506074137253208,-0.00037999999999999997,3
A1M33P,0.375892829013774,0.16903414515950446,-0.00037999999999999997,3
A1M33P,-42.964172512328815,0.2008561143534929,-0.00042,3
A1M33P,4.387307546843012,0.16267898650448742,-0.00039,3
A1M33P,-0.5560767298685892,0.32281479917569045,-0.00036,3
A1M33P,0.9810364295832376,1.1464066228603338,-0.00063,1
A1M33P,2.249176472677069,-1.2613458281081449,-0.00028,1
A1M33P,0.551928991867075,0.3298424524031746,-0.00023999999999999998,2
A1M33P,0.02793465142314361,0.4845900428746081,-0.00036,3
A1M33P,-0.12946602723892695,-5.8680448948498425,-0.00043,3
A1M33P,-5.455392182647589,0.3473819141280642,-0.00042,3
A1M33P,0.1403979105771894,-2.0660181793973718,-0.00044,3
A2M33P,0.32784682260993275,5.6558613615871165,-0.00046,3
A2M33P,0.43533947522067096,-0.10523476158174276,-0.00043,3
A2M33P,0.2521463358472045,0.304527380159248,-0.00041,3
A2M33P,0.6516390212970659,0.9571736560245718,-0.00049,1
A2M33P,-0.3845838804565945,0.13673572705766573,-0.0004,3
A2M33P,-2.108576239776152,0.13687720157878594,-0.0004,3
A2M33P,1.8884172029003248,0.13667089209839495,-0.00036,3
A2M33P,1.8127392952176369,0.3809515513909396,-0.00032,3
A2M33P,10.35234807036877,0.14332223664810098,-0.00038,3
A2M33P,2.7213685255895803,0.11776799203945665,-0.00036,3
B1M33P,-1.1120323968751828,0.11037073342216593,-0.0005099999999999999,3
B1M33P,1.6235548905955248,2.4964156954451178,-0.00055,3
B1M33P,-0.06491040624919703,-0.7000059664704414,-0.0007,3
B1M33P,0.1218528791487398,-6.1721773286633645,-0.00067,3
B1M33P,13.45501841467168,-0.15648419814764614,-0.00067,3
B1M33P,8.20568587131614,-0.6413448268840828,-0.00064,3
B1M33P,-12.757012570248778,-0.15365262145412292,-0.0006799999999999999,3
B1M33P,-0.2284334321496539,0.2533348725261946,-0.0006,3
B1M33P,-5.735964073163824,-0.2572325863539604,-0.0006799999999999999,3
B1M33P,-1.3482006024582749,-0.7854322331514985,-0.00066,3
B1M33P,1.277499241891198,-0.4865077343539337,-0.00061,3
B1M33P,-0.14011838072692784,0.5619392585950489,-0.0006900000000000001,3
B1M33P,1.1405504790181469,0.8113358699810318,-0.0006799999999999999,3
B1M33P,0.11907385521039487,-3.220756674197768,-0.00063,3
B1M33P,-2.127676406886996,-0.5830282500342292,-0.00061,3
B1M33P,-2.4134306844809683,-0.9523331614658814,-0.00058,3
B1M33P,-0.04355805494399395,-90.08539438238527,-0.00058,3
B1M33P,0.03911924369850521,0.5857115883244954,-0.00059,3
B1M33P,1.0084915985995997,-0.2067150576315384,-0.00059,3
B1M33P,-1.7065485666459363,-0.5968191449449136,-0.00063,3
B1M33P,-1.231989301885661,1.0204210952637938,-0.00063,3
B1M33P,-0.6763498927179248,0.029919813400997083,-0.00062,3
B1M33P,-3.805793487983911,0.2421114475195764,-0.00061,3
B1M33P,0.7628137273142529,2.2105590494154432,-0.00054,3
B1M33P,-7.584415150365395,0.3403751897059925,-0.00061,3
B1M33P,-2.084925805859484,1.5315092993860184,-0.00055,3
B1M33P,1.3248817083537494,0.8029681830570348,-0.00058,3
B1M33P,-7.682371358023224,0.2873152014586425,-0.00058,3
B1M33P,-17.528374513849243,-0.5321774350214629,-0.00055,3
B1M33P,-6.85809779849963,-0.8769995050417456,-0.0006,3
B1M33P,0.1706700317052278,-1.3476775150037117,-0.00054,3
B1M33P,2.15579677018948,1.3420337704177292,-0.00058,3
B1M33P,-0.4957465127947762,-2.7596794121108994,-0.00058,3
B1M33P,162.7972621862891,1.6382898646646649,-0.0005200000000000001,3
B1M33P,-0.8596041020208857,-0.7108085499104022,-0.00054,3
B1M33P,1.7636991743483676,0.013654497185198948,-0.00062,3
B1M33P,-0.274433069324989,-2.3223005473768814,-0.00062,3
B1M33P,-0.9480982480712424,-0.14101863256540864,-0.00063,3
B1M33P,-22.741239211924672,0.20657936151241613,-0.00065,3
B1M33P,0.6725676533630284,-6.982943759616621,-0.00055,3
B1M33P,-1.3267135403713484,-0.17389359671915214,-0.00058,3
B1M33P,0.16587232709039565,-1.590468350782792,-0.00059,3
B1M33P,-2.7773698740117685,-0.3298744138597281,-0.0006,3
B1M33P,-1.0317231155267297,-0.5041824728852486,-0.00058,3
B1M33P,1.2088137404110513,1.3661677068569045,-0.00054,3
B1M33P,1.2654802139587324,0.27839886318345963,-0.00058,3
B1M33P,0.6298013794908378,0.3199828596406208,-0.0005099999999999999,3
B1M33P,-15.994241070813096,0.5558885840910425,-0.00055,3
B1M33P,6.594781820327586,0.4266855001453592,-0.00056,3
B1M33P,-15.435906264562858,0.8190243112118745,-0.00056,3
B1M33P,0.16712372322822042,0.12424944160373864,-0.0005099999999999999,3
B1M33P,-0.9881444707048348,0.6614787362311074,-0.00047999999999999996,3
B1M33P,0.14619875188703835,0.8063973386004765,-0.0005200000000000001,3
B1M33P,-1.388227267209942,0.8198506238735519,-0.00047999999999999996,3
B1M33P,-4.3831108950963324,-0.06548024435001562,-0.0005,3
B1M33P,-0.8116670957180414,0.9710443994211088,-0.0005,3
B1M33P,0.4122450226470356,0.6633061330981106,-0.0005,3
B1M33P,0.501171132002564,0.7057720569262541,-0.00054,3
B1M33P,0.20076845359514525,0.16830855968136674,-0.00056,3
B1M33P,-2.620914087410158,0.05557552873833886,-0.00045,3
B1M33P,0.5882323091654986,0.0997990456665834,-0.00047999999999999996,3
B1M33P,-0.8514421845766758,0.7854367582865105,-0.00055,3
B1M33P,-19.582685855336152,-143.33602107730937,-0.0005099999999999999,3
B1M33P,18.097362941581345,0.1684807043886017,-0.0005200000000000001,3
B1M33P,-0.7405926024649165,1.5448781056828618,-0.00047000000000000004,3
B1M33P,-0.20304503571112875,0.0447731814632068,-0.0005099999999999999,3
B1M33P,0.06004322440110421,2.357815132619712,-0.0005,3
B1M33P,1.5439935657187944,-2.9568973915624195,-0.0005,3
B1M33P,0.27065722608761345,1.9404172365453496,-0.00042,3
B1M33P,-10.481718400284054,-0.8649590124619349,-0.00054,3
B1M33P,0.3484678438492201,-0.4179624338424676,-0.0005,3
B1M33P,-0.4304606171384603,0.34474401445736985,-0.00045999999999999996,3
B1M33P,-1.1145291290149462,-1.1490002525957979,-0.00084,2
B1M33P,0.03291628166314309,0.13314224736193847,-0.00066,3
B1M33P,2.1093671434752608,1.5803945092240712,-0.0007099999999999999,1
B1M33P,-0.12004779181231708,0.962257748198902,-0.0008,1
B1M33P,-0.336142756662287,0.5548739828836508,-0.0006900000000000001,3
B1M33P,0.2755139888764057,-0.5551286446566567,-0.00064,3
B1M33P,-36.821251261556405,-0.9296303087659102,-0.00074,3
B1M33P,-0.4762888481418924,0.27952274396269744,-0.0005200000000000001,3
B1M33P,0.13460057778201612,1.001741972033237,-0.00054,3
B1M33P,-1.0796651977984812,6.861182560128382,-0.0005,2
B1M33P,-0.011090049751640726,-1.3467515219802972,-0.0003,1
B1M33P,-2.681906524169189,2.9802369728021065,-0.00054,3
B1M33P,-3.1145495709742987,2.2086163857466,-0.0006,3
B1M33P,-0.4158077819664675,0.36411102704415016,-0.00064,3
B1M33P,-0.00043190324312449436,-0.13917407311376198,-0.00054,3
B2M33P,0.6306766421735939,-0.10570126519763713,-0.00055,3
B2M33P,0.16401723886060982,2.0000265962237482,-0.00062,3
B2M33P,-0.5149601145722256,-2.045782106057193,-0.00048,2
B2M33P,-0.2301759019303361,-0.13342913477271473,-0.00058,3
B2M33P,-0.1419440450869778,-0.01726078968021281,-0.00046,3
B2M33P,-4.601284489403068,13.580119027796746,-0.00056,2
B2M33P,-1.5212743959267625,0.5301624581128156,-0.00038,3
B2M33P,1.0690410748511738,-0.41560086445442784,-0.0005,3
B2M33P,1.897779999806137,211.55481525439987,-0.0006,3
B2M33P,0.1404034823083713,1.4710463377861678,-0.00054,3
B2M33P,3.273998696423119,-0.018173055049646808,-0.00055,3
B2M33P,0.2028117639646,9.771955287426106,-0.00054,3
B2M33P,2.0477386391794665,0.1342557653716234,-0.00047,3
B2M33P,0.4434888440226384,0.3561872479631244,-0.00047,3
B2M33P,5.110488305181859,0.5669858115583207,-0.00045,3
B2M33P,4.024344159265645,2.6161720509820934,-0.0005,3
B2M33P,-10.942873567237545,0.1763653181012212,-0.00044,3
B2M33P,-25.98017618208822,0.1947484422715004,-0.00048,3
B2M33P,3.123642821050725,0.23798310879977824,-0.00048,3
B2M33P,0.7482239342901541,0.2503389217565378,-0.00047,3
B2M33P,0.8630445573824389,0.2462153803121204,-0.00046,3
B2M33P,-1.325844471526336,0.2849022075960641,-0.0005,3
B2M33P,0.8921963117671855,-0.1634014786617312,-0.00042,3
B2M33P,-1.1742872112833316,1.509557996584372,-0.00042,3
B2M33P,64.44373894515492,0.04926668796232746,-0.0004,3
B2M33P,0.14036260800386854,0.18588943016707915,-0.0004,3
B2M33P,0.5126815682302117,0.2408972920545247,-0.00042,3
B2M33P,-0.8019550613693971,-0.008661330355726969,-0.00044,3
B2M33P,0.6860817743468308,0.20888577797631785,-0.00034,3
B2M33P,-23.05163084529644,-0.1914365319086377,-0.0003,2
B2M33P,-0.1366698144317996,-0.4282490378725655,-0.00034,2
B2M33P,0.1261267929912298,-3.211775264732408,-0.00063,3
B2M33P,0.15332970319443118,0.3862254244693202,-0.00038,3
B2M33P,-76.32503904724815,0.22853554729893485,-0.00042,3
B2M33P,-0.051464058950731466,0.21538635511605386,-0.00038,3
B2M33P,2.566553836869516,0.19653700614560896,-0.00047,3
B2M33P,0.19669090175567489,0.06535797059618771,-0.00046,3
B2M33P,-4.414604429194323,2.0722916092071832,-0.0006,2
B2M33P,-1.87425236676856,-0.017094731529520558,-0.00046,3
B2M33P,-4.016884160285791,0.25732871334337315,-0.00048,1
B2M33P,-0.020867964408841682,27.83370291542309,-0.0005200000000000001,1
C1M33P,-0.8402578855576128,-0.6449498034495286,-0.0007,3
C1M33P,-0.9480119499121752,0.04082679280988352,-0.00067,3
C1M33P,3.237349431029773,0.14933126895680424,-0.0006900000000000001,3
C1M33P,-2.9181741982463447,-0.25756570401081025,-0.0006900000000000001,3
C1M33P,4.550063043258054,0.5367812481750394,-0.0008,3
C1M33P,1.14329973457013,0.11405817122942816,-0.00067,3
C1M33P,-4.773520794573359,-1.2170146772872872,-0.00084,3
C1M33P,-3.745577216094926,-5.526031185551704,-0.00084,3
C1M33P,0.2463635448670923,-0.7521386190029714,-0.0007700000000000001,3
C1M33P,-1.092554521748807,-0.4657683309147365,-0.00074,3
C1M33P,-0.3225628798548782,0.22034928447284474,-0.00064,2
C1M33P,1.6873373701656265,-1.802083320424912,-0.00074,3
C1M33P,-4.125429436444501,0.44907242659692415,-0.00047999999999999996,1
C1M33P,-0.5155914854133387,0.3449324989028996,-0.0007,3
C1M33P,-4.68703441045201,0.2202203330756208,-0.00072,3
C1M33P,0.22052073797294816,10.799271142262723,-0.0006900000000000001,3
C1M33P,3.599830861440577,-0.05924629651059904,-0.00074,3
C1M33P,-2.3331478047488736,-0.5257706661893036,-0.00065,3
C1M33P,0.5352886907894574,-0.4262266450024607,-0.00065,3
C1M33P,0.6609338089878284,-0.9151449244357736,-0.00074,3
C1M33P,-3.1934701106259675,0.029679787767295174,-0.00072,3
C1M33P,-5.582975472700785,-0.05330766518829015,-0.00073,3
C1M33P,-1.0792655905888378,0.9151175264733092,-0.0007099999999999999,3
C1M33P,1.9736424327718367,-0.2666236068374349,-0.00075,3
C1M33P,-2.0030049210468417,-0.24221364823323466,-0.0006900000000000001,3
C1M33P,0.29544263203819365,-0.2703920835125417,-0.0007700000000000001,3
C1M33P,492.07774698461714,-0.4992405043674367,-0.00072,3
C1M33P,-3.6536661345929433,-0.4507706299519883,-0.00066,3
C1M33P,-0.7392313284676975,0.05485867522649752,-0.00061,3
C1M33P,-0.2737769507451461,-1.1828518209957568,-0.0007700000000000001,3
C1M33P,1.0869218507943803,0.5156506774053541,-0.00056,3
C1M33P,-5.527569762488676,1.4236179307854837,-0.0006900000000000001,3
C1M33P,0.3743082943037753,0.20264903671281373,-0.00073,3
C1M33P,1.016104503120094,-0.658342886769305,-0.00063,3
C1M33P,0.3877666812919153,3.511773500111359,-0.00063,3
C1M33P,-0.134886048503044,-1.269177681890971,-0.00061,3
C1M33P,0.3746056468911383,1.1180466421712822,-0.00063,3
C1M33P,0.8323351425611255,-2.2797517277075925,-0.00059,3
C1M33P,0.6590421988341263,0.5836405998638192,-0.00058,3
C1M33P,-6.97399299815235,-0.2704202782937276,-0.00063,3
C1M33P,1.5436338752148309,2.643622037056096,-0.00063,3
C1M33P,0.4794910923538641,-0.9138880932899766,-0.0006,3
C1M33P,-1.2022636688636337,0.7700408522085163,-0.00059,3
C1M33P,-0.8378165366047188,-1.2708940960032749,-0.00049,3
C1M33P,-0.4102066000831715,0.31826657795057284,-0.00057,3
C1M33P,-0.9236159493008124,-0.2760117177087017,-0.00065,3
C1M33P,-0.18030755030262752,0.2613676200888946,-0.0003,2
C1M33P,-1.0079185797229957,-0.07044115825151398,-0.00055,3
C1M33P,-1.4124666554545846,-0.17916908234312404,-0.00055,3
C1M33P,0.1850331392486746,8.108269804931176,-0.00061,3
C1M33P,-1.482515073776579,1.6109489501115968,-0.00032,1
C1M33P,-0.2408633926038363,0.5774672062388686,-0.00044,3
C1M33P,0.20932331456938047,1.1561496413194137,-0.0005200000000000001,3
C1M33P,3.0141131047165284,6.2279032894555595,-0.00074,3
C1M33P,-0.5263834095441626,-0.25323298956340484,-0.00054,3
C1M33P,-0.005065225147133368,-1.6947963922484819,-0.0007700000000000001,3
C1M33P,0.14492556991593375,0.0228516506096822,-0.00037999999999999997,1
C1M33P,0.010010995970689123,-0.6984863235705708,-0.00037999999999999997,2
C2M33P,3.432078919592228,-0.15973760723641334,-0.00061,3
C2M33P,3.1298554426549345,0.2818798915894406,-0.0003,1
C2M33P,0.13395092722045362,0.19818082368049167,-0.0008300000000000001,3
C2M33P,1.29515201111969,1.2086117118571191,-0.00074,3
C2M33P,4.008927633314412,-0.28884303784738824,-0.00062,3
C2M33P,2.8397758911476747,0.0,-0.00055,3
C2M33P,-0.6132090043144184,0.10750557539089904,-0.00079,3
C2M33P,0.0021927728861253814,0.8096774849656637,-0.00079,3
C2M33P,-0.7873395324137615,-0.12424539718936345,-0.0007700000000000001,3
C2M33P,0.05432091939487476,-0.8377138859206824,-0.0005,3
C2M33P,0.7919353719304103,1.4197515828616385,-0.0007099999999999999,3
C2M33P,-2.761793843673742,-0.37846241160872135,-0.0006799999999999999,3
C2M33P,0.16270046359963328,-1.9900374469425604,-0.0007599999999999999,2
C2M33P,-4.6166411129136815,0.7716255501107714,-0.0007099999999999999,3
C2M33P,-1.640928098999369,-0.3020360399388727,-0.00079,3
C2M33P,1.1704132874296698,-0.4924861129961478,-0.00091,2
C2M33P,0.4238073373297178,-5.895310572217014,-0.00072,3
C2M33P,-0.5738451840638454,0.7667528085746317,-0.0006799999999999999,3
C2M33P,-1.1538144318242296,-0.1188932139379696,-0.0006900000000000001,3
C2M33P,1.1111753605326906,-0.7201445414651101,-0.00073,3
C2M33P,-0.1177186728107662,3.933893655407827,-0.0007599999999999999,3
C2M33P,0.10794909639536872,0.002942589813555592,-0.00073,3
C2M33P,-0.568302354031249,0.1572600198315218,-0.0007099999999999999,3
C2M33P,-4.440033135130284,11.350379738497052,-0.00075,3
C2M33P,0.13767376519392627,0.18135044921364046,-0.0006900000000000001,3
C2M33P,35.94536142851056,29.55792440519608,-0.00075,3
C2M33P,-0.5278461281264181,-0.17845887033298846,-0.00067,3
C2M33P,0.2096120035804044,-0.8806221947237104,-0.0007099999999999999,3
C2M33P,-2.228620986045581,8.459711641581322,-0.0006799999999999999,3
C2M33P,0.7943728639713802,-0.2468952144982729,-0.0007099999999999999,3
C2M33P,21.367294799114692,-0.3063248583943832,-0.0006900000000000001,3
C2M33P,0.655476270689409,-2.169142090566852,-0.00072,3
C2M33P,0.4667629824661799,-0.7632212945678097,-0.00072,3
C2M33P,10.28132472020324,-0.47355156734276704,-0.0006799999999999999,3
C2M33P,0.4394207441275513,-0.3782648946110413,-0.00073,3
C2M33P,3.4908345626845305,-0.11835767488134798,-0.00075,3
C2M33P,-2.1157031457952864,-0.3979210642423469,-0.00063,3
C2M33P,2.925185656814784,-0.4658498656302141,-0.0006799999999999999,3
C2M33P,0.5902218135179464,-0.19849923979682724,-0.0006900000000000001,3
C2M33P,-15.669089714932428,-0.4414763304617392,-0.00073,3
C2M33P,-1.5998290633775003,-0.057470010081625764,-0.0007099999999999999,3
C2M33P,-2.087475777904956,-1.211810497860772,-0.0007099999999999999,3
C2M33P,0.05042556733426686,-0.1057934303379598,-0.00072,3
C2M33P,-1.4345079951148374,-0.11825230056658415,-0.00072,3
C2M33P,0.8442281771391513,-0.2474482698182716,-0.0007099999999999999,3
C2M33P,-0.16479980328167476,-0.0020449213483634287,-0.0006,1
C2M33P,1.5638202064753677,-1075.8918114359503,-0.00074,3
C2M33P,-1.1115830523935228,0.002440517941767143,-0.00067,3
C2M33P,-0.3908437356558516,0.5596441083363237,-0.00062,3
C2M33P,2.2019288220338065,0.7367256256983555,-0.0006900000000000001,3
C2M33P,1.4750909508326495,2.223005318286425,-0.00065,3
C2M33P,0.282632286680616,-202.32304203823128,-0.00059,3
C2M33P,3.2387994912850724,-0.9764169714959172,-0.00055,3
C2M33P,-1.9083747243571545,-0.1311854583673241,-0.00065,3
C2M33P,-4.123937090178637,-8.181354245818591,-0.00062,3
C2M33P,0.24282043243023765,0.2980956372744305,-0.00059,3
C2M33P,0.4632548324435666,0.21910940572297727,-0.00055,3
C2M33P,-5.944192853494713,0.11307306272580064,-0.00063,3
C2M33P,-0.6917096073596682,-3.24061922934247,-0.0006799999999999999,3
C2M33P,-0.7484996613390634,-1.8381339632620344,-0.0006,3
C2M33P,-12.01962666857412,-5.6920712046485535,-0.0006900000000000001,3
C2M33P,0.2993805872530652,-2.6439176983633588,-0.0006799999999999999,3
C2M33P,4.1179225780446425,-1.190634759786129,-0.00058,3
C2M33P,0.4805870621894017,-2.299127215168831,-0.00067,3
C2M33P,1.0977585342876583,1.083118639303592,-0.00063,3
C2M33P,1.4658290340841171,0.25819717706389284,-0.00063,3
C2M33P,-0.2070007308583016,-1.0190742043405905,-0.00054,3
C2M33P,1.7137199426403065,-0.2165004626646298,-0.00066,3
C2M33P,0.4072125644145384,1.341249781512225,-0.00063,3
C2M33P,3.0029930422329287,0.18103499815438048,-0.00066,3
C2M33P,-16.435179802170566,-2.3324717548793856,-0.00065,3
C2M33P,-59.227464612060395,-0.13656424896232108,-0.00063,3
C2M33P,0.8397127273705255,-0.17874360405599793,-0.00061,3
C2M33P,-0.021866107157870584,0.6802154588289895,-0.00059,3
C2M33P,-9.883228071636431,0.18147929403238447,-0.00058,3
C2M33P,-5.134959046962835,-0.16771400132566386,-0.00062,3
C2M33P,0.3485284618687772,1.3502775116141172,-0.00079,1
C2M33P,0.14131176700491796,1.6262014997463363,-0.0005200000000000001,3
C2M33P,-1.3446643833306764,1.3394514568373468,-0.0006,3
C2M33P,232.37738403229525,-0.8659702555878417,-0.0008,3
C2M33P,1.175571750153377,-2.31587160138822,-0.00081,3
C2M33P,-0.023904217681591632,4.883710270995271,-0.00081,3
C2M33P,0.15229877589301602,-41.71709441309197,-0.0007700000000000001,3
C2M33P,-0.019981611681641715,0.3593375526010449,-0.0008,3
D1M33P,-2.8477774670390668,0.04767225499325914,-0.0007,3
D1M33P,0.2520302773886131,0.5140367834595352,-0.00075,3
D1M33P,-42.23026779981205,0.4945569833226379,-0.00093,3
D1M33P,0.14169407789552488,-1.1964285050961485,-0.0008300000000000001,3
D1M33P,1.1559750099341184,-5.6696182775861885,-0.00091,3
D1M33P,-0.3145602111153307,0.5700709101260801,-0.0008,2
D1M33P,0.2500054446285993,-0.3926248323914423,-0.00081,3
D1M33P,-0.5247406909691683,5.643382930359701,-0.00079,3
D1M33P,-0.7240770034295387,-0.9027096893858506,-0.0008699999999999999,1
D1M33P,-3.21833569540694,-0.561664262625468,-0.00084,2
D1M33P,0.2565480418850167,-0.9400806522794218,-0.0010400000000000001,3
D1M33P,0.14533860672969973,-34.90616878728311,-0.00075,3
D1M33P,23.72649252678627,3.1901803333996392,-0.0008300000000000001,3
D1M33P,-1.0566093406082997,0.4958272125470149,-0.00091,3
D1M33P,2.0589878885817217,0.231650928473678,-0.00088,3
D1M33P,-0.10571057921512647,-0.4258269866778481,-0.00095,3
D1M33P,-0.5684690371629812,0.4613750414726841,-0.00088,3
D1M33P,-5.1941472679766845,0.3123032278282853,-0.00081,3
D1M33P,-0.25500772738564953,-0.0379454836517881,-0.0007700000000000001,3
D1M33P,-12.646777522856992,-0.3165660587134281,-0.0008300000000000001,3
D1M33P,1.8064921846799555,1.960030467699244,-0.0008300000000000001,3
D1M33P,0.7637413093545639,-13.31407074026836,-0.00088,3
D1M33P,-12.295383087285481,-4.231022184841066,-0.00079,3
D1M33P,0.5948325903582784,0.0,-0.0008300000000000001,3
D1M33P,0.5668870950558429,0.2966010201252693,-0.00081,3
D1M33P,-1.2123466431954475,0.9065892043018712,-0.0008900000000000002,3
D1M33P,0.7370222164484608,-0.21066500700713173,-0.00088,3
D1M33P,-1.095871305417151,0.4395094310989879,-0.00082,3
D1M33P,0.4851396651356018,0.3947540800783244,-0.0008,3
D1M33P,10.523781698273453,0.42883221614625416,-0.00082,3
D1M33P,8.478531980638879,0.5789678569146849,-0.00079,3
D1M33P,-0.03953787126676235,236.9254102430576,-0.00084,3
D1M33P,-1.8794054714622084,-0.36776726549352734,-0.00073,3
D1M33P,-0.8411883255584205,2.3235359180336848,-0.00073,3
D1M33P,-2.7471442536156947,-0.03116573155685595,-0.0006900000000000001,3
D1M33P,0.5556858108459087,-0.011133725769438428,-0.00067,3
D1M33P,-0.043607433971439916,-0.4029556926588728,-0.00067,3
D1M33P,3.4121905981144254,0.1391778850715864,-0.00061,3
D1M33P,2.6455400936418445,0.9124402330427338,-0.00078,3
D1M33P,0.3225258341281807,1.1944756411740671,-0.00078,3
D1M33P,-0.11960911213448873,0.14823941942473606,-0.00055,2
D1M33P,-0.3174869569685813,2.81921656117788,-0.0008,3
D1M33P,0.2800509641429855,-0.8102993263983481,-0.00081,3
D1M33P,0.02947528219767763,-0.4235108854832205,-0.00055,3
D1M33P,-0.0,-1.1218376478749077,-0.0009599999999999999,3
D1M33P,10.604553393115998,-1.280552605862972,-0.0007099999999999999,3
D2M33P,4.714091107845204,-2.8602495094806497,-0.0008699999999999999,3
D2M33P,0.2298453148045321,0.08277174713249658,-0.00072,3
D2M33P,0.07098759264085026,1.7019470251340338,-0.00038,1
D2M33P,-0.9090407618391536,0.6660419772955968,-0.00057,3
D2M33P,0.020275981565487686,0.798339317243861,-0.00067,3
D2M33P,0.1583245406513443,-0.9416593244760724,-0.0007099999999999999,3
D2M33P,0.3822874181529899,-0.02215671604818509,-0.00067,3
D2M33P,0.6935058106708091,1.331727525979869,-0.0006799999999999999,3
D2M33P,-0.5175791354780124,-6.499053145697148,-0.0007599999999999999,2
D2M33P,0.3365897716030704,-0.5687951356369734,-0.00081,3
D2M33P,0.010531580075670906,-0.1068093458622909,-0.00079,2
D2M33P,2.9994689196820383,-0.3903355952664029,-0.0008,3
D2M33P,0.4488967054895393,-0.43670351654177547,-0.00067,2
D2M33P,-0.4949976798409042,-0.37959636942035935,-0.00084,2
D2M33P,-1.5240417485741955,-0.9830202938942102,-0.00074,3
D2M33P,0.4150671594277939,1.4196020169069177,-0.00074,3
D2M33P,0.2282455681119009,-0.9460212431831059,-0.0007099999999999999,3
D2M33P,1.703541614594244,2.9827342905522265,-0.00073,3
D2M33P,0.044124858801680704,0.3457115657420565,-0.00073,3
D2M33P,-0.0915292346542402,0.6508743850310474,-0.00073,3
D2M33P,0.8009857105703352,0.4922844603011825,-0.00072,3
D2M33P,-2.019169481790852,0.8919728906982539,-0.0006900000000000001,3
D2M33P,2.349414512855716,0.06944033030995529,-0.00067,3
D2M33P,-0.010434810613773859,-1.2740821014653474,-0.00065,3
D2M33P,-2.8434716584494466,6.891260451174178,-0.00059,3
D2M33P,-35.32853319221972,1.1082707348616705,-0.00059,3
D2M33P,0.4571392296137788,-3.859279317148966,-0.0005,2
D2M33P,0.7670512305214156,-1.2096725912913748,-0.0007,3
E1M33P,-0.07090748314401489,6.350820456788149,-0.0007099999999999999,2
E1M33P,-0.012066238997511358,-0.4570127438354764,-0.0008900000000000002,3
E1M33P,2.565842004315663,0.5064034485605425,-0.0008900000000000002,3
E1M33P,1.7175858781667366,1.364876538504923,-0.0008900000000000002,3
E1M33P,1.6579210278353822,0.2271036628732019,-0.0009199999999999999,3
E1M33P,-0.5055253370751109,-0.05775636403365628,-0.0009,3
E1M33P,-17.26428342855598,0.2747482321479405,-0.0008300000000000001,3
E1M33P,31.68022980660693,5.679343590142086,-0.00084,3
E1M33P,14.148628156824124,0.5832904267947113,-0.0008900000000000002,3
E1M33P,1.674587326977741,-10.68247294449017,-0.00085,3
E1M33P,0.1808173000866259,-3.177797894429116,-0.00088,3
E1M33P,37.43723466606982,-13.523440368447124,-0.00085,3
E1M33P,0.135724708158646,-0.1792723546563634,-0.00088,3
E1M33P,0.1894550095748107,2.4126861601197507,-0.0008,3
E1M33P,19.11091726268276,2.3018218463839903,-0.00085,3
E1M33P,21.403897746206773,-0.509261145593447,-0.0009,3
E1M33P,4.140943765933164,-0.4227558622968475,-0.00088,3
E1M33P,6.142624650299536,-1.14707554998251,-0.00088,3
E1M33P,-59.63482136339579,4.787047304508894,-0.00081,3
E1M33P,-1.0896688255614606,0.9285367500170888,-0.00084,3
E1M33P,155.10743992076726,1.0779886100680682,-0.00085,3
E1M33P,0.6540642303578832,-0.09276957496374152,-0.00088,3
E1M33P,4.9033643364715935,-0.23199641988274325,-0.00091,3
E1M33P,12.428860521221946,0.17478201773603352,-0.0008900000000000002,3
E1M33P,-1.485913077176317,0.5818195248266693,-0.00088,3
E1M33P,-165.8601557918931,0.8900981503703462,-0.0009199999999999999,3
E1M33P,0.09785074628331428,0.20263728930554545,-0.0009199999999999999,3
E1M33P,-0.32828644008807584,4.5219914789297615,-0.00082,3
E1M33P,50.40741842722026,-0.4099329719851005,-0.00085,3
E1M33P,0.7866969997405535,-0.3989068255699261,-0.0008699999999999999,3
E1M33P,-1.996088119919953,0.1983229905270031,-0.00079,3
E1M33P,3.0760603435452496,0.3588899846082886,-0.0008,3
E1M33P,-11.658275788212276,-0.8632023593205608,-0.0008900000000000002,3
E1M33P,0.15584199692040535,0.08670988253312867,-0.0008900000000000002,3
E1M33P,40.259797678444905,0.7996185739791849,-0.00088,3
E1M33P,118.72263542236617,-4.0874683334558135,-0.0009199999999999999,3
E1M33P,-0.290193891928794,0.2494287732425065,-0.0009199999999999999,3
E1M33P,-0.17203844546763047,-0.5384762355986233,-0.00088,3
E1M33P,13.815083352458633,-1.819214494558272,-0.0008300000000000001,3
E1M33P,17.653802205123274,0.3472811100447898,-0.0008300000000000001,3
E1M33P,0.17287049310274294,1.4787868040864414,-0.00088,3
E1M33P,-5.694096742689243,0.8244939234203069,-0.0008300000000000001,3
E1M33P,1.2219094705214482,-1.7618713815280242,-0.00088,3
E1M33P,39.87242626655094,0.09920407362663156,-0.00088,3
E1M33P,-11.524045855790556,-0.5846201295376434,-0.0008900000000000002,3
E1M33P,2.788979512731781,-1.2826468101686257,-0.00088,3
E1M33P,-0.1717341924099376,0.1930938683735966,-0.00079,3
E1M33P,-0.4576367673535849,-0.8892202336820901,-0.00088,3
E1M33P,-0.5820255540918484,-0.3112083154679748,-0.0008900000000000002,3
E1M33P,-0.2299231061400631,0.2677816404607906,-0.00088,3
E1M33P,-2.7871781095184827,-0.7144844642969872,-0.0009199999999999999,3
E1M33P,2.947383019436696,-0.4134060351851004,-0.0008699999999999999,3
E1M33P,0.3374859846448387,-0.20575703417806293,-0.0008699999999999999,3
E1M33P,-23.075539198632043,0.29125836614876033,-0.00085,3
E1M33P,1.035592500704037,0.6985899876582083,-0.0008699999999999999,3
E1M33P,-0.3194192406562093,-10.355476209724127,-0.00085,3
E1M33P,21.20455743042513,0.983502430228235,-0.00091,3
E1M33P,-56.03692418923344,-0.4585483674669416,-0.0008300000000000001,3
E1M33P,31.163927120011753,0.3799192822522787,-0.00088,3
E1M33P,0.17030765847679075,1.2858596324519975,-0.0008,3
E1M33P,-1.6009935275102496,0.4648513945738969,-0.0008,3
E1M33P,-0.6261550904159465,-0.37719127073889547,-0.00084,3
E1M33P,2.2696004360127326,-5.935059854723532,-0.00088,3
E1M33P,0.12429257146253715,0.6393729858491685,-0.0008699999999999999,3
E1M33P,-0.5496168502085017,0.9045540277524372,-0.00074,3
E1M33P,0.5213887861144211,0.27329389703357543,-0.00088,3
E1M33P,-0.1460904591587171,0.990440292263406,-0.0008300000000000001,3
E1M33P,-1.1256167931389158,-1.387217614523972,-0.0008300000000000001,3
E1M33P,0.7088294674307267,-2.320916206950997,-0.0008900000000000002,3
E1M33P,0.5058532720098544,-0.2821969196975974,-0.0009599999999999999,2
E1M33P,0.08566021314015748,0.8035760063171256,-0.00088,3
E1M33P,0.261205602991479,-0.2604247970727779,-0.00088,3
E1M33P,2.320130362617473,-1.2037229273912025,-0.00088,3
E1M33P,0.1635908179888191,7.063982070347185,-0.0008,3
E1M33P,-0.8456387299356278,-0.5115004083475433,-0.00079,3
E1M33P,0.3455635113351729,0.5333158303879514,-0.00088,3
E1M33P,88.55703946316461,-12.311691440286848,-0.0008699999999999999,3
E1M33P,-0.6036235879633169,0.8977209374757786,-0.00072,3
E1M33P,-0.5504183363559101,0.7579705421893457,-0.0009599999999999999,1
E2M33P,1.2420608682967835,0.2274194104679297,-0.00084,3
E2M33P,-4.332445338396947,3.9833079044721305,-0.00084,3
E2M33P,1.3300789056645013,1.2949432766721405,-0.00084,3
E2M33P,5.2324960304932056,4.3761534436702965,-0.00088,3
E2M33P,-8.346135772567129,0.2897312915652953,-0.00091,3
E2M33P,0.4379947010835507,4.020813125847749,-0.00088,3
E2M33P,0.7042260778062696,0.27540635716644224,-0.00091,3
E2M33P,0.06974000138029528,-0.0942969859431621,-0.00088,3
E2M33P,-11.44087116589226,-0.011031100299984956,-0.00088,3
E2M33P,2.6421586219869595,12.803454561208653,-0.0008900000000000002,3
E2M33P,30.08914721262052,1.3998701923462873,-0.00088,3
E2M33P,0.21490898530116173,7.595829317280217,-0.00088,3
E2M33P,14.894929864644984,0.8621561559897343,-0.0008900000000000002,3
E2M33P,-2.9277172846628536,1.4132382256531784,-0.0008300000000000001,3
E2M33P,0.6023283216990726,-3.096714995832444,-0.0008,2
E2M33P,-0.636920522507002,1.0702200111946159,-0.00088,3
E2M33P,-0.4001623380645512,0.5926881474114533,-0.0008699999999999999,3
E2M33P,10.07940763330844,1.0906992350321087,-0.00088,3
E2M33P,2.2848138289389475,0.0574308941860587,-0.00084,3
E2M33P,0.010570763021314563,0.14162830325253853,-0.00112,1
E2M33P,12.389999641381486,-0.03524428202007243,-0.00081,3
E2M33P,8.271045304805758,-2.960613532927457,-0.00079,3
E2M33P,0.4364252867769275,-0.9213048696462516,-0.00063,2
E2M33P,-0.34619335666791284,0.4787585505845779,-0.00088,3
E2M33P,-0.20093700786455326,0.2470362816082533,-0.0006900000000000001,3
E2M33P,-0.5960219196869202,0.3730134278577012,-0.00055,2
E2M33P,-3.558447492275976,-1.3336190304108575,-0.00096,3
E2M33P,-15.474861763345322,0.2735374543374113,-0.0008699999999999999,3
E2M33P,-1.1738127026376937,-0.16907775990747634,-0.00088,3
E2M33P,2.334005611917741,-29.94349376128311,-0.00092,3
E2M33P,-1.3362170943710976,-0.4634393149062755,-0.0009,3
E2M33P,-26.999937818591363,-1.2343202574487,-0.0008900000000000002,3
E2M33P,-1.1128651775081193,-0.5658572406088046,-0.0008699999999999999,3
E2M33P,-20.82890680073673,-0.352480725785181,-0.00092,3
E2M33P,2.532217832376607,-0.1088766025390976,-0.0008900000000000002,3
E2M33P,5.32705405754788,0.3630311688360279,-0.00085,3
E2M33P,-8.09826979426981,0.11410339547297553,-0.0008900000000000002,3
E2M33P,-1.1015337366556357,-0.4304489686673704,-0.0008699999999999999,3
E2M33P,-0.5042240895203894,-0.7580005916399861,-0.00085,3
E2M33P,21.597179144237046,0.031746093352779184,-0.00085,3
E2M33P,1.8241789285058,0.34620964211284205,-0.00091,3
E2M33P,13.318432578180994,1.1253373525290546,-0.00088,3
E2M33P,3.405081268640235,0.10243843645506202,-0.00092,3
E2M33P,-2.3710903829586893,-0.2908217991643027,-0.001,2
E2M33P,-17.923486711450018,0.08778997938425061,-0.0008699999999999999,3
E2M33P,2.4381392127955315,-0.11691601805612012,-0.00088,3
E2M33P,3.367910784851044,-1.0467652816962576,-0.0008300000000000001,3
E2M33P,30.52115625983385,-0.5118387068492192,-0.00088,3
E2M33P,1.8007063089989284,1.0989308347493552,-0.0008699999999999999,3
E2M33P,0.5263560607134776,-0.2321552019796754,-0.00096,3
E2M33P,35.14936565265907,-0.8127712961720449,-0.0008699999999999999,3
E2M33P,-122.96226593412285,2.2106231332048467,-0.00084,3
E2M33P,11.571883406640348,0.10858201511620076,-0.0008900000000000002,3
E2M33P,1.792417248564898,-1.0928066905092526,-0.0008900000000000002,3
E2M33P,0.6080893602977955,-3.4950620745904533,-0.0008699999999999999,3
E2M33P,-5.895346936272308,0.2980981055899727,-0.0009,3
E2M33P,0.15166443928608211,0.12203944102053835,-0.0008699999999999999,3
E2M33P,4.770529449808318,0.5273021785922617,-0.00088,3
E2M33P,-3.497370604720785,4.013372815004181,-0.00079,3
E2M33P,8.557678133012926,-0.03476030001597207,-0.0008699999999999999,3
E2M33P,0.8892992050885373,-0.1551391631197684,-0.0008900000000000002,3
E2M33P,2.064429600954118,-0.6185215991228752,-0.00085,3
E2M33P,8.940162743860503,-1.6910952817052445,-0.00085,3
E2M33P,14.794018704858049,1.1755619552480996,-0.00088,3
E2M33P,3.08813410646877,0.6990108380034078,-0.0008699999999999999,3
E2M33P,8.903423079919426,1.9095875766847143,-0.00085,3
E2M33P,-0.4044041878333485,-1.2096399554908326,-0.0008300000000000001,3
E2M33P,0.30497229026393924,-0.7254783212270774,-0.0008300000000000001,3
E2M33P,0.1918446340115888,0.4739781058550275,-0.00088,3
E2M33P,-6.428433483365858,-0.5438904358796492,-0.00092,3
E2M33P,-1.9054603652689333,7.4448691299986836,-0.00088,3
E2M33P,1.6572147095460643,-4.418680373085857,-0.0008900000000000002,3
E2M33P,-5.160304969463722,0.17962919327483173,-0.00085,3
E2M33P,-0.22255337660511296,2.006467454251287,-0.0008,3
E2M33P,9.300737337275477,2.0211641858381206,-0.0009,3
E2M33P,0.5826741438060089,12.49530967730724,-0.00091,3
E2M33P,-5.102106164439514,3.841068894409808,-0.00088,3
E2M33P,-17.103994891472567,2.2538841885083603,-0.00085,3
E2M33P,0.168294073410573,-1.3260425772284232,-0.0008900000000000002,3
E2M33P,0.7546048782059127,0.6800723297707902,-0.0008699999999999999,3
E2M33P,-13.823323394777349,0.3886473452683446,-0.00081,3
E2M33P,-0.2970563362580633,0.12502068522482668,-0.00085,3
E2M33P,-9.422346675712232,0.3889098573605221,-0.0008900000000000002,3
E2M33P,11.19053452356621,-0.28349012133316914,-0.0008699999999999999,3
E2M33P,2.3027776624095697,0.2973992776654187,-0.00092,3
E2M33P,-0.11854642490223764,-0.010308921570679292,-0.0008699999999999999,3
E2M33P,5.217785619602342,-0.4549054123697005,-0.00073,3
E2M33P,0.11747516106752585,0.7571131248548043,-0.0008699999999999999,3
E2M33P,1.4514582503863191,-0.11729812023959545,-0.00079,3
E2M33P,-0.18078314092884967,0.5093644752618607,-0.00108,1
K1M33P,0.704626634315356,0.0714459801502728,-0.00032,1
K1M33P,2.295682067513221,0.21047291426920933,-0.0005200000000000001,3
K1M33P,0.651093851799521,0.2332094627123463,-0.00054,3
K1M33P,-9.64458798525228,0.03333734677129651,-0.0005,3
K1M33P,0.6964741860119241,-46.02005642840131,-0.0005,3
K1M33P,0.118983459062898,0.5275047464406549,-0.00045999999999999996,3
K1M33P,-1.5368833757164968,-1.1263822385284377,-0.0005099999999999999,3
K1M33P,2.01181045788476,0.4346931506044631,-0.00045999999999999996,3
K1M33P,-8.278824014341359,0.589910104874702,-0.00047000000000000004,3
K1M33P,0.6195214024271564,-6.64214872316749,-0.00036,1
K1M33P,0.14329869731768105,0.432349796430688,-0.00033999999999999997,1
K1M33P,81.74215898961081,0.17310380863170516,-0.00039,3
K1M33P,0.9672483782580554,0.1970836826242626,-0.00042,3
K1M33P,-4.888978122435746,0.16563342311575371,-0.0004,3
K1M33P,-0.20606046205529105,0.20504494305183835,-0.00037999999999999997,3
K1M33P,0.5071767265553114,0.2074590963662164,-0.0004,3
K1M33P,-6.671194323353689,0.08917516133668932,-0.00042,3
K1M33P,4.6586589628713915,0.24419406160203985,-0.00045999999999999996,3
K1M33P,0.8845331024389416,0.2042341175071929,-0.0004,3
K1M33P,-2.3351461707707797,0.22148811809228167,-0.00039,3
K1M33P,1.4720805729109858,0.2877645154331151,-0.00037999999999999997,3
K1M33P,-5.351096667623566,0.11220648864519546,-0.00037999999999999997,3
K1M33P,0.13179041703080793,0.13920050909653925,-0.00037999999999999997,3
K1M33P,-0.24001769587725344,0.6868299608429012,-0.0004,3
K1M33P,1.3022445322750231,0.2783852006906107,-0.00035,3
K1M33P,0.5661226953625597,0.29575584583404124,-0.00037999999999999997,3
K1M33P,-0.2522993963757756,0.17874140779854455,-0.00037999999999999997,3
K1M33P,-0.10112229664213393,0.31735717086017723,-0.00037999999999999997,3
K1M33P,-0.8815700068756228,0.14060717564154435,-0.00035,3
K1M33P,3.112012120328163,0.2276153207268797,-0.00037999999999999997,3
K1M33P,-0.2182308715100974,0.062129530984229436,-0.00042,3
K1M33P,-2.182671745070877,0.15056439507247213,-0.00037,3
K1M33P,-0.4116493721685841,0.24544500959305104,-0.00037999999999999997,3
K1M33P,0.3662788534604434,0.12480587638887584,-0.00036,3
K1M33P,-2.431626788730334,0.2737508458044346,-0.0003,3
K1M33P,0.4627950062002334,0.3933653813706721,-0.00042,3
K1M33P,0.021551445457495128,-0.21293268984082286,-0.00045,3
K1M33P,0.11031797160806504,0.2261510193540039,-0.00044,3
K1M33P,-7.485858846120093,0.43436531634499215,-0.00041,3
K1M33P,67.82722948626684,1.1419171825888148,-0.00054,3
K1M33P,7.250722051199705,0.6158606531796871,-0.00042,3
K1M33P,0.19555514566049015,0.11193324481258823,-0.00043,3
K1M33P,-2.271323547192603,0.3082980931356807,-0.00058,3
K1M33P,-0.28885948735332645,1.0503044794514638,-0.00054,3
E1M33R,0.2407553094450946,0.0640605884557595,-0.00081,3
E1M33R,-1.809506895820867,-0.07554751966755249,-0.00082,3
E1M33R,0.5107899332522587,0.6285192451348748,-0.00079,3
E1M33R,0.6716778502831386,-1.230567498583239,-0.00082,3
E1M33R,0.27392330194811176,0.34797055867049037,-0.00077,3
E1M33R,-30.182716180221806,-0.08823742732928916,-0.00078,3
E1M33R,0.5812991556458241,0.1271532536881472,-0.00082,3
E1M33R,-0.7675546791854113,-0.3402008203965199,-0.0008,3
E1M33R,1.3160211525272612,-1.0756986588038167,-0.00078,3
E1M33R,29.760471846362595,0.03287532447906602,-0.00079,3
E1M33R,4.389596349023715,-0.8758319311235282,-0.00081,3
E1M33R,0.21353626736689993,0.16800742390765727,-0.0008,3
E1M33R,-64.14628874962686,-0.051521443442479775,-0.00078,3
E1M33R,4.367481489895388,1.281547775722909,-0.00082,3
E1M33R,-24.039204472735616,-0.197856151341774,-0.00084,3
E1M33R,1.251410365316083,0.11372474467481035,-0.00082,3
E1M33R,-7.6281001708317255,0.21126929204640332,-0.00082,3
E1M33R,0.21891144812144406,-0.1756828445159121,-0.00075,2
E1M33R,1.0391827103021023,0.07690714222903507,-0.00078,3
E1M33R,0.2846026890296644,-3.431699078544698,-0.00071,2
E1M33R,15.518924767861401,0.31037440620442946,-0.00082,3
E1M33R,0.2978807345306904,0.03358582680249501,-0.00082,3
E1M33R,0.1503242379767659,-0.7015220812133336,-0.00074,2
E1M33R,-0.37814622146859533,6.21430923044984,-0.00081,3
E1M33R,0.6461938166844277,0.2500510227698845,-0.00078,3
E1M33R,0.23845505119911883,0.7197878643352644,-0.00073,2
E1M33R,0.16443866111139022,0.00593058033239925,-0.00074,3
E1M33R,-0.0676995923664949,-0.0987440144850724,-0.0008,3
E1M33R,0.5029883465455105,0.15549748100813554,-0.00082,3
E1M33R,-58.55764307532911,0.5211292301335081,-0.00077,3
E1M33R,-2.318352071867664,-0.6618035966174295,-0.00083,3
E1M33R,0.45098670761288,0.42862754344321036,-0.00082,3
E1M33R,0.09409817068606463,-0.011961240694774649,-0.00082,3
E1M33R,0.7525026596090382,-0.2656852752887521,-0.00087,3
E1M33R,4.231743571226077,0.9702356702233346,-0.0006,2
E1M33R,-0.8751119250707443,0.2679420688985299,-0.00079,3
E1M33R,-0.5286870234280507,-0.9122856359824862,-0.00081,3
E1M33R,0.20658611773753682,0.09717704304191793,-0.00074,3
E1M33R,1.2952790675289438,-1.1391800560103262,-0.00082,2
E1M33R,1.878597827937529,-0.28556197806788364,-0.00082,3
E1M33R,-0.5743794223040725,-2.4235512151384406,-0.00066,2
E1M33R,-8.993666938666292,2.9187091110983414,-0.00066,2
E1M33R,-9.326037725864484,0.10810573373290656,-0.00081,3
E1M33R,0.696850437931067,0.1725779165926965,-0.00079,3
E1M33R,-1.5991582060311955,1.413825414321439,-0.00083,3
