Mask Name,Slit Number,RA,DEC,Redshift,QOP
M33D2A,29,23.484625,30.42811111111111,-147.0,3
M33D2A,49,23.487375,30.45344444444445,-138.0,3
M33D2A,50,23.478666666666665,30.45475,-150.0,3
M33D2A,53,23.456916666666668,30.46125,-138.0,3
M33D2A,54,23.493375,30.461305555555555,-138.0,3
M33D2A,55,23.495708333333337,30.463666666666665,-138.0,3
M33D2A,61,23.50666666666667,30.476999999999997,-165.0,3
M33D2A,64,23.488166666666668,30.4805,-147.0,3
M33D2A,67,23.29725,30.48397222222223,-150.0,3
M33D2A,69,23.29725,30.489166666666666,-150.0,3
M33D2A,70,23.30966666666667,30.50966666666667,-120.0,3
M33D2A,71,23.311375,30.510638888888888,-138.0,3
M33D2A,75,23.330375,30.523777777777767,-138.0,3
M33D2A,77,23.331291666666665,30.532722222222233,-147.0,3
M33D2A,78,23.338708333333336,30.48980555555556,-138.0,3
M33D2A,79,23.330416666666668,30.52733333333333,-138.0,3
M33D2A,82,23.38883333333333,30.53322222222221,-126.0,3
M33D2A,83,23.35925,30.51658333333333,-126.0,3
M33D2A,86,23.34208333333333,30.50425,-126.0,3
M33D2A,88,23.345375,30.525388888888887,-135.0,3
M33D2A,94,23.364375,30.48472222222223,-165.0,2
M33D2A,95,23.383625,30.52405555555556,-126.0,3
M33D2A,100,23.356666666666666,30.529277777777768,-147.0,3
M33D2A,103,23.359125,30.506916666666665,-126.0,3
M33D2A,113,23.34058333333333,30.52569444444445,-129.0,3
M33D2A,114,23.374208333333332,30.523805555555555,-132.0,3
M33D2A,115,23.338583333333336,30.52411111111111,-138.0,3
M33D2A,117,23.39562500000001,30.523111111111113,-138.0,3
M33D2A,118,23.38933333333333,30.52497222222221,-129.0,3
M33D2A,122,23.37141666666667,30.52352777777777,-138.0,3
M33D2A,123,23.349125,30.50516666666667,-132.0,3
M33D2A,125,23.41183333333333,30.460305555555554,-72.0,1
M33D2A,127,23.39395833333333,30.500222222222234,-132.0,3
M33D2A,129,23.40883333333333,30.50625,-126.0,3
M33D2A,132,23.42608333333333,30.5065,-126.0,3
M33D2A,140,23.40566666666667,30.4925,-120.0,3
M33D2A,146,23.401375,30.47608333333333,-138.0,3
M33D2A,147,23.40829166666667,30.51236111111111,-138.0,3
M33D2A,148,23.4075,30.48119444444445,-132.0,3
M33D2A,150,23.41975,30.50708333333333,-135.0,3
M33D2A,153,23.429625,30.48683333333333,-120.0,3
M33D2A,155,23.42795833333333,30.45669444444445,-132.0,3
M33D2A,166,23.449791666666666,30.48311111111111,-252.0,2
M33D2A,169,23.405041666666666,30.453611111111112,-126.0,3
M33D2A,172,23.41729166666667,30.51683333333333,-147.0,3
M33D2A,174,23.41058333333333,30.47288888888889,-144.0,3
M33D2A,175,23.408916666666666,30.490861111111112,-126.0,3
M33D2A,176,23.418875,30.48325,-123.0,3
M33D2A,178,23.458041666666666,30.479777777777766,-102.0,2
M33D2A,187,23.559041666666666,30.452666666666666,-167.99999999999997,3
M33D2A,195,23.569375,30.47075,-147.0,3
M33D2A,197,23.54745833333333,30.44083333333333,-126.0,3
M33D2A,210,23.555375,30.45644444444445,-174.0,3
M33D2A,217,23.555166666666665,30.434166666666666,-171.0,3
M33D2A,221,23.53558333333333,30.435,-171.0,3
M33D2A,233,23.57258333333333,30.469,-162.0,3
M33D2B,12,23.30091666666667,30.477777777777767,-165.0,1
M33D2B,13,23.36829166666667,30.51913888888889,-135.0,3
M33D2B,14,23.374208333333332,30.523805555555555,-141.0,3
M33D2B,15,23.42608333333333,30.5065,-135.0,3
M33D2B,17,23.42795833333333,30.45669444444445,-135.0,3
M33D2B,22,23.449791666666666,30.48311111111111,-150.0,3
M33D2B,23,23.405041666666666,30.453611111111112,-135.0,3
M33D2B,26,23.41729166666667,30.51683333333333,-147.0,3
M33D2B,27,23.41058333333333,30.47288888888889,-135.0,3
M33D2B,28,23.418875,30.48325,-126.0,3
M33D2B,29,23.458041666666666,30.479777777777766,-105.0,3
M33D2B,41,23.562041666666666,30.469,-167.99999999999997,3
M33D2B,47,23.53558333333333,30.435,-165.0,3
M33D2B,56,23.311375,30.475222222222207,-126.0,3
M33D2B,57,23.30725,30.47647222222221,-89.99999999999999,2
M33D2B,58,23.30479166666667,30.47625,-147.0,3
M33D2B,59,23.587125,30.388388888888887,-138.0,3
M33D2B,66,23.578166666666664,30.399166666666666,-222.0,2
M33D2B,79,23.48225,30.43138888888889,-174.0,3
M33D2B,89,23.49866666666667,30.454361111111112,-138.0,2
M33D2B,90,23.48645833333333,30.453972222222234,-147.0,3
M33D2B,91,23.494750000000003,30.457694444444442,-150.0,3
M33D2B,92,23.473666666666666,30.4585,-156.0,3
M33D2B,95,23.48791666666667,30.46080555555556,-138.0,3
M33D2B,96,23.491208333333336,30.462111111111113,-150.0,3
M33D2B,97,23.49445833333333,30.466638888888887,-147.0,3
M33D2B,100,23.4645,30.46933333333333,-144.0,3
M33D2B,105,23.47420833333333,30.472527777777767,-177.0,1
M33D2B,106,23.46345833333333,30.47325,-159.0,3
M33D2B,107,23.470125,30.47594444444445,-174.0,3
M33D2B,109,23.482958333333336,30.477305555555553,-165.0,3
M33D2B,111,23.297875,30.485111111111113,-147.0,3
M33D2B,113,23.30220833333333,30.50255555555556,-141.0,3
M33D2B,114,23.305166666666665,30.506222222222235,-150.0,3
M33D2B,115,23.312916666666666,30.509555555555554,-138.0,3
M33D2B,116,23.313416666666665,30.514388888888888,-141.0,3
M33D2B,118,23.378625,30.528055555555554,-150.0,3
M33D2B,120,23.36229166666667,30.52686111111111,-150.0,3
M33D2B,122,23.373875,30.529277777777768,-156.0,3
M33D2B,127,23.37833333333333,30.517861111111113,-150.0,3
M33D2B,129,23.33454166666667,30.533472222222233,-144.0,3
M33D2B,130,23.341708333333337,30.49077777777779,-144.0,3
M33D2B,131,23.3855,30.516,-138.0,3
M33D2B,133,23.32875,30.52330555555556,-147.0,3
M33D2B,137,23.38429166666667,30.51616666666667,-141.0,3
M33D2B,141,23.375625,30.524,-144.0,3
M33D2B,142,23.338,30.50791666666667,-132.0,3
M33D2B,148,23.356333333333332,30.51913888888889,-132.0,3
M33D2B,153,23.363916666666668,30.527638888888887,-179.99999999999997,3
M33D2B,163,23.39558333333333,30.503777777777767,-150.0,3
M33D2B,164,23.412125,30.492166666666666,-144.0,3
M33D2B,166,23.39983333333333,30.504277777777766,-138.0,3
M33D2B,167,23.40925,30.514,-156.0,3
M33D2B,169,23.419625,30.48188888888889,-138.0,3
M33D2B,170,23.39254166666667,30.499972222222233,-132.0,3
M33D2B,171,23.40479166666667,30.509722222222226,-126.0,3
M33D2B,172,23.45658333333333,30.482805555555554,-141.0,3
M33D2B,173,23.40333333333333,30.477611111111113,-126.0,3
M33D2B,175,23.457583333333336,30.482,-219.0,2
M33D2B,181,23.39562500000001,30.49744444444445,-132.0,3
M33D2B,182,23.43795833333333,30.47094444444444,-162.0,2
M33D2B,184,23.411625,30.509722222222226,-138.0,3
M33D2B,190,23.412333333333336,30.489555555555558,-132.0,3
M33D2B,192,23.411041666666666,30.458361111111113,-126.0,1
M33D2B,194,23.438875,30.47622222222222,-126.0,1
M33D2B,198,23.40808333333333,30.498222222222232,-126.0,3
M33D2B,199,23.40579166666667,30.470916666666664,-132.0,3
M33D2B,200,23.44704166666667,30.46997222222221,-252.0,1
M33D2B,201,23.42958333333333,30.486611111111113,-138.0,3
M33D2B,211,23.56808333333333,30.470805555555554,-144.0,3
M33D2B,212,23.567875,30.467111111111112,-156.0,3
M33D3A,158,23.37683333333333,30.302888888888887,-179.99999999999997,2
M33D3A,164,23.408041666666666,30.287194444444445,-167.99999999999997,2
M33D3A,172,23.41275000000001,30.297305555555557,-192.00000000000003,2
M33D3A,181,23.40333333333333,30.30622222222223,-144.0,2
M33D3A,226,23.36966666666667,30.345388888888888,-102.0,1
M33D3A,228,23.38195833333333,30.356222222222232,-150.0,3
M33D3B,12,23.286041666666666,30.409666666666666,-126.0,3
M33D3B,13,23.28479166666667,30.417777777777786,-114.0,3
M33D3B,15,23.285875,30.420805555555557,-3.0000000000000004,1
M33D3B,17,23.292125,30.39158333333333,-126.0,3
M33D3B,18,23.290375,30.419305555555557,-117.0,3
M33D3B,19,23.2795,30.391472222222234,-126.0,3
M33D3B,20,23.299125,30.41494444444445,-126.0,3
M33D3B,22,23.322125,30.387583333333332,-138.0,3
M33D3B,24,23.28675,30.391361111111113,-114.0,3
M33D3B,28,23.29970833333333,30.400305555555555,-114.0,3
M33D3B,30,23.27875,30.411,-54.0,1
M33D3B,32,23.312375,30.39919444444445,-126.0,3
M33D3B,33,23.30341666666667,30.41458333333333,-78.0,2
M33D3B,37,23.297875,30.413055555555548,-114.0,3
M33D3B,39,23.30341666666667,30.37575,-120.0,3
M33D3B,42,23.282291666666666,30.39038888888889,-126.0,3
M33D3B,43,23.302083333333336,30.38261111111111,-120.0,3
M33D3B,44,23.30370833333333,30.39116666666667,-120.0,3
M33D3B,47,23.29520833333333,30.391861111111112,-114.0,3
M33D3B,50,23.31358333333333,30.38458333333333,-120.0,3
M33D3B,52,23.30483333333333,30.372722222222233,-126.0,3
M33D3B,55,23.344,30.38958333333333,-132.0,3
M33D3B,57,23.320375,30.381722222222226,-120.0,3
M33D3B,58,23.33695833333333,30.35658333333333,-132.0,3
M33D3B,72,23.33958333333333,30.39258333333333,-138.0,3
M33D3B,77,23.317875,30.36605555555556,-66.0,1
M33D3B,93,23.29954166666667,30.38383333333333,-126.0,3
M33D3B,94,23.266041666666666,30.43108333333333,-120.0,3
M33D3B,95,23.292875,30.45708333333333,-138.0,3
M33D3B,96,23.29420833333333,30.458972222222233,-138.0,3
M33D3B,97,23.301666666666666,30.452666666666666,-132.0,3
M33D3B,98,23.292875,30.46208333333333,-120.0,3
M33D3B,104,23.26620833333333,30.42983333333333,-126.0,3
M33D3B,108,23.292,30.450416666666666,-129.0,3
M33D3B,116,23.29125,30.4525,-123.0,3
M33D3B,117,23.30020833333333,30.4595,-132.0,3
M33D3B,118,23.291375,30.46005555555556,-141.0,3
M33D3B,127,23.25291666666667,30.482555555555553,-138.0,3
M33D3B,128,23.29541666666667,30.469305555555554,-120.0,3
M33D3B,131,23.26383333333333,30.472277777777766,-126.0,1
M33D3B,135,23.257375,30.48344444444445,-156.0,3
M33D3B,137,23.29570833333333,30.47069444444445,-120.0,3
M33D3B,138,23.25795833333333,30.47619444444444,-126.0,3
M33D3B,144,23.249375,30.46005555555556,-126.0,3
M33D3B,151,23.379125,30.29066666666667,-66.0,1
M33D3B,152,23.385041666666666,30.29636111111111,-111.0,3
M33D3B,167,23.381,30.310861111111112,-132.0,3
M33D3B,168,23.379166666666666,30.31119444444445,-147.0,3
M33D3B,169,23.3815,30.31383333333333,-126.0,3
M33D3B,189,23.37708333333333,30.32311111111111,-138.0,3
M33D3B,190,23.353375000000003,30.283361111111113,-102.0,1
M33D3B,192,23.38145833333333,30.32344444444445,-132.0,3
M33D3B,193,23.374250000000004,30.31280555555556,-126.0,3
M33D3B,197,23.40229166666667,30.25883333333333,-213.0,1
M33D3B,207,23.32366666666667,30.30925,-114.0,3
M33D3B,210,23.325125,30.31813888888889,-102.0,3
M33D3B,211,23.32558333333333,30.321027777777786,-75.0,2
M33D3B,221,23.32995833333333,30.331861111111113,-102.0,2
M33D3B,230,23.27191666666667,30.503972222222234,-141.0,3
M33D3D,4,23.248625,30.476388888888888,-189.0,3
M33D3D,19,23.293875,30.40758333333333,-126.0,3
M33D3D,24,23.29258333333333,30.420527777777767,-126.0,3
M33D3D,25,23.28470833333333,30.37291666666667,-126.0,3
M33D3D,29,23.312125,30.393305555555553,-120.0,3
M33D3D,31,23.287208333333336,30.39283333333333,-120.0,3
M33D3D,34,23.27658333333333,30.3945,-120.0,3
M33D3D,40,23.302625,30.41186111111111,-126.0,3
M33D3D,42,23.29958333333333,30.38191666666667,-120.0,3
M33D3D,43,23.299375,30.39275,-132.0,3
M33D3D,55,23.29370833333333,30.39319444444445,-114.0,3
M33D3D,56,23.31858333333333,30.36330555555556,-132.0,3
M33D3D,61,23.30725,30.380222222222233,-126.0,3
M33D3D,63,23.35358333333333,30.388333333333332,-126.0,3
M33D3D,71,23.31016666666667,30.38813888888889,-132.0,3
M33D3D,80,23.311791666666664,30.38813888888889,-120.0,3
M33D3D,99,23.331125,30.37783333333333,-228.0,2
M33D3D,102,23.29733333333333,30.382777777777786,-132.0,3
M33D3D,103,23.295666666666666,30.382638888888888,-132.0,3
M33D3D,113,23.247166666666665,30.466166666666666,-159.0,3
M33D3D,164,23.367916666666666,30.287333333333336,-141.0,3
M33D3D,165,23.390875,30.305611111111112,-138.0,3
M33D3D,170,23.375125,30.29125,-126.0,1
M33D3D,171,23.3775,30.318555555555548,-114.0,3
M33D3D,175,23.38966666666667,30.27933333333333,-138.0,3
M33D3D,179,23.374875,30.308972222222234,-126.0,3
M33D3D,180,23.39175,30.27794444444445,-138.0,2
M33D3D,183,23.376,30.31344444444445,-126.0,3
M33D3D,226,23.37925000000001,30.34594444444444,-126.0,3
M33D4A,5,23.28112500000001,30.233555555555558,-132.0,1
M33D4A,10,23.29441666666667,30.261944444444445,-117.0,3
M33D4A,33,23.287125,30.22886111111111,-117.0,3
M33D4A,36,23.28566666666667,30.277166666666666,-138.0,3
M33D4A,55,23.379916666666666,30.294638888888887,-108.0,3
M33D4A,58,23.37708333333333,30.30094444444445,-102.0,3
M33D4A,59,23.390166666666666,30.302,-129.0,3
M33D4A,68,23.3595,30.305222222222234,-126.0,3
M33D4A,70,23.38750000000001,30.30836111111111,-129.0,3
M33D4A,82,23.38520833333333,30.27547222222222,-138.0,2
M33D4A,95,23.38575,30.297138888888888,-108.0,3
M33D4A,97,23.358,30.28761111111111,-114.0,3
M33D4A,101,23.35741666666667,30.293277777777767,-114.0,3
M33D4A,104,23.37254166666667,30.28791666666667,-126.0,3
M33D4A,107,23.35691666666667,30.28505555555556,-114.0,3
M33D4A,110,23.384,30.320694444444445,-138.0,3
M33D4A,113,23.373875,30.29947222222223,-126.0,3
M33D4A,127,23.246125,30.20819444444445,-126.0,1
M33D4A,192,23.44470833333333,30.28683333333333,-120.0,3
M33D4A,212,23.43358333333333,30.318166666666666,-126.0,3
M33D4A,218,23.45591666666667,30.3315,-126.0,3
M33D4A,223,23.45404166666667,30.339916666666664,-126.0,3
M33D4A,224,23.45554166666667,30.340277777777768,-138.0,3
M33D4A,225,23.46,30.339527777777768,-138.0,3
M33D4A,227,23.428,30.34125,-138.0,2
M33D4A,228,23.46054166666667,30.343555555555554,-138.0,3
M33D4B,56,23.28216666666667,30.28175,-179.99999999999997,1
M33D4B,68,23.392625,30.299944444444453,-138.0,3
M33D4B,75,23.39254166666667,30.302277777777785,-132.0,3
M33D4B,79,23.38870833333333,30.28080555555556,-126.0,3
M33D4B,80,23.38870833333333,30.29902777777778,-132.0,3
M33D4B,95,23.35125,30.282055555555555,-126.0,3
M33D4B,100,23.35958333333333,30.30344444444445,-126.0,3
M33D4B,166,23.32841666666667,30.248555555555555,-102.0,1
M33D4B,190,23.32695833333333,30.29625,-117.0,3
M33D4B,209,23.453375,30.33730555555556,-144.0,3
M33D4B,214,23.467208333333332,30.33763888888889,-138.0,3
M33D4B,216,23.42866666666667,30.34247222222222,-150.0,3
M33D4B,217,23.42895833333333,30.34472222222222,-150.0,3
M33D4C,23,23.35125,30.282055555555555,-102.0,3
M33D4C,24,23.35958333333333,30.30344444444445,-108.0,3
M33D4C,88,23.37808333333333,30.310222222222233,-114.0,3
M33D4C,98,23.412,30.297666666666668,-126.0,3
M33D4C,107,23.38029166666667,30.311555555555557,-126.0,3
M33D4C,126,23.27091666666667,30.202472222222234,-108.0,3
M33D4C,137,23.23583333333333,30.211361111111113,-126.0,1
M33D4C,142,23.242041666666665,30.21622222222221,-114.0,3
M33D4C,144,23.247166666666665,30.21747222222222,-120.0,3
M33D4C,201,23.44483333333333,30.29588888888889,-147.0,3
M33D4C,208,23.46,30.32341666666667,-114.0,2
M33D4C,214,23.451875,30.329472222222233,-138.0,3
M33D4C,216,23.46679166666667,30.333972222222233,-141.0,3
M33D4C,217,23.454166666666666,30.33822222222221,-144.0,3
M33D4C,218,23.448166666666665,30.338666666666665,-138.0,3
M33D4C,220,23.456291666666665,30.341027777777768,-150.0,3
M33D4C,221,23.465999999999998,30.33888888888889,-150.0,3
M33D4C,222,23.458791666666666,30.34175,-150.0,3
M33MA1,75,23.74220833333333,30.516388888888887,-179.99999999999997,3
M33MA1,78,23.672791666666665,30.518361111111112,-126.0,3
M33MA2,87,23.67945833333333,30.466527777777767,-177.0,3
M33MA2,92,23.70658333333333,30.47194444444445,-171.0,3
M33MA2,97,23.700291666666665,30.477777777777767,-167.99999999999997,3
A1M33P,2,23.56754166666667,30.589055555555554,-171.0,3
A1M33P,3,23.529625,30.591361111111112,-159.0,3
A1M33P,5,23.57904166666667,30.574666666666666,-162.0,3
A1M33P,13,23.568791666666666,30.555083333333336,-162.0,3
A1M33P,14,23.55716666666667,30.56163888888889,-153.0,3
A1M33P,15,23.566208333333336,30.568027777777786,-150.0,3
A1M33P,16,23.5465,30.569222222222226,-156.0,3
A1M33P,17,23.56104166666667,30.563861111111112,-156.0,3
A1M33P,18,23.562416666666664,30.563222222222233,-153.0,3
A1M33P,19,23.563666666666666,30.55633333333333,-156.0,3
A1M33P,20,23.54895833333333,30.566666666666666,-153.0,3
A1M33P,21,23.55970833333333,30.56875,-159.0,3
A1M33P,22,23.54775,30.57216666666667,-156.0,3
A1M33P,24,23.574,30.55525,-147.0,3
A1M33P,25,23.5585,30.55238888888889,-150.0,3
A1M33P,26,23.54520833333333,30.57011111111111,-159.0,3
A1M33P,27,23.52795833333333,30.574972222222208,-150.0,3
A1M33P,28,23.53875,30.570611111111113,-159.0,3
A1M33P,29,23.512291666666666,30.566527777777786,-138.0,3
A1M33P,30,23.53358333333333,30.56444444444445,-167.99999999999997,3
A1M33P,31,23.537416666666665,30.57044444444445,-159.0,3
A1M33P,33,23.48833333333333,30.574805555555557,-144.0,3
A1M33P,34,23.49708333333333,30.564805555555555,-135.0,3
A1M33P,35,23.492791666666665,30.55958333333333,-108.0,3
A1M33P,36,23.476333333333336,30.56736111111111,-126.0,3
A1M33P,37,23.49429166666667,30.560388888888887,-132.0,3
A1M33P,38,23.48391666666667,30.572194444444445,-144.0,3
A1M33P,39,23.495625,30.569972222222226,-141.0,3
A1M33P,40,23.416166666666665,30.5795,-126.0,3
A1M33P,41,23.40233333333333,30.590888888888887,-129.0,3
A1M33P,42,23.417458333333336,30.58316666666667,-114.0,3
A1M33P,43,23.40391666666667,30.5875,-123.0,3
A1M33P,45,23.37254166666667,30.574444444444445,-129.0,3
A1M33P,49,23.371,30.57713888888889,-138.0,3
A1M33P,53,23.55575,30.5285,-162.0,3
A1M33P,59,23.49854166666667,30.55913888888889,-144.0,3
A1M33P,61,23.49162500000001,30.54958333333333,-132.0,3
A1M33P,69,23.50325,30.553472222222233,-135.0,3
A1M33P,70,23.51083333333333,30.52083333333333,-129.0,3
A1M33P,71,23.509041666666665,30.56425,-126.0,3
A1M33P,72,23.523000000000003,30.53913888888889,-126.0,3
A1M33P,73,23.52608333333333,30.541722222222226,-126.0,1
A1M33P,78,23.45370833333333,30.56511111111111,-126.0,3
A1M33P,80,23.46179166666667,30.55319444444445,-120.0,3
A1M33P,81,23.467125,30.555555555555557,-114.0,3
A1M33P,82,23.45916666666667,30.556027777777786,-114.0,3
A1M33P,83,23.47791666666667,30.54152777777778,-126.0,3
A1M33P,90,23.489875,30.539361111111113,-129.0,3
A1M33P,91,23.47970833333333,30.555222222222234,-120.0,3
A1M33P,92,23.46316666666667,30.568305555555554,-126.0,3
A1M33P,94,23.451875,30.561555555555557,-120.0,3
A1M33P,95,23.43145833333333,30.55086111111111,-114.0,3
A1M33P,96,23.44700000000001,30.55183333333333,-117.0,3
A1M33P,97,23.460375,30.539472222222226,-117.0,3
A1M33P,98,23.44520833333333,30.539972222222232,-102.0,3
A1M33P,99,23.43304166666667,30.554222222222233,-120.0,3
A1M33P,100,23.42991666666667,30.542444444444445,-114.0,3
A1M33P,102,23.43591666666667,30.54091666666667,-114.0,3
A1M33P,103,23.44995833333333,30.53866666666667,-102.0,3
A1M33P,104,23.43741666666667,30.54963888888889,-108.0,3
A1M33P,105,23.434375,30.552083333333336,-114.0,3
A1M33P,106,23.43870833333333,30.55225,-120.0,3
A1M33P,107,23.426875,30.54255555555555,-114.0,3
A1M33P,108,23.4435,30.55275,-114.0,3
A1M33P,109,23.44066666666667,30.55333333333333,-117.0,3
A1M33P,110,23.44841666666667,30.54291666666667,-105.0,3
A1M33P,111,23.39975,30.573583333333332,-126.0,3
A1M33P,114,23.38295833333333,30.55975,-114.0,3
A1M33P,116,23.393,30.556555555555555,-126.0,3
A1M33P,117,23.394416666666668,30.57591666666667,-126.0,1
A1M33P,118,23.38429166666667,30.563055555555557,-117.0,3
A1M33P,119,23.41341666666667,30.553027777777785,-117.0,3
A1M33P,121,23.39833333333333,30.573027777777767,-120.0,3
A1M33P,122,23.42170833333333,30.544,-105.0,3
A1M33P,123,23.396916666666666,30.53991666666667,-111.0,3
A1M33P,126,23.35416666666667,30.55761111111111,-162.0,2
A1M33P,129,23.507625,30.520888888888887,-126.0,3
A1M33P,130,23.50008333333333,30.518611111111113,-117.0,3
A1M33P,132,23.465875,30.52294444444445,-126.0,3
A1M33P,135,23.423000000000002,30.52144444444445,-105.0,3
A1M33P,136,23.408166666666666,30.53013888888889,-108.0,3
A1M33P,137,23.41875,30.53294444444445,-78.0,1
A1M33P,138,23.42420833333333,30.515722222222234,-108.0,3
A1M33P,139,23.40945833333333,30.51805555555556,-105.0,3
A1M33P,140,23.42025,30.53916666666667,-114.0,3
A1M33P,141,23.414666666666665,30.52213888888889,-102.0,3
A1M33P,142,23.40675,30.522972222222233,-102.0,3
A1M33P,143,23.42541666666667,30.5425,-108.0,3
A1M33P,144,23.412,30.526277777777786,-102.0,3
A1M33P,145,23.41075,30.51775,-120.0,3
A1M33P,146,23.42870833333333,30.526138888888887,-89.99999999999999,3
A1M33P,147,23.37433333333333,30.529777777777767,-126.0,3
A1M33P,148,23.401125,30.525027777777765,-114.0,3
A1M33P,149,23.39570833333333,30.534111111111113,-114.0,3
A1M33P,157,23.365375,30.528,-126.0,3
A1M33P,161,23.362791666666666,30.52561111111111,-117.0,3
A1M33P,162,23.34916666666667,30.52847222222222,-108.0,3
A1M33P,170,23.33254166666667,30.517861111111113,-189.0,1
A1M33P,176,23.6055,30.51955555555556,-83.99999999999999,1
A1M33P,177,23.32958333333333,30.519444444444442,-72.0,2
A1M33P,178,23.32829166666667,30.51958333333333,-108.0,3
A1M33P,181,23.60933333333333,30.52183333333333,-129.0,3
A1M33P,186,23.48270833333333,30.531527777777768,-126.0,3
A1M33P,188,23.60120833333333,30.53427777777778,-132.0,3
A1M33P,192,23.34016666666667,30.536583333333336,-126.0,3
A1M33P,195,23.32416666666667,30.540222222222226,-117.0,3
A1M33P,197,23.319416666666665,30.54508333333333,-114.0,3
A1M33P,198,23.31808333333333,30.545472222222234,-120.0,3
A1M33P,200,23.31104166666667,30.547638888888887,-126.0,3
A1M33P,201,23.59745833333333,30.548972222222233,-144.0,3
A1M33P,203,23.313208333333336,30.55172222222223,-102.0,3
A1M33P,208,23.315,30.56194444444445,-162.0,1
A1M33P,210,23.592125,30.564972222222234,-171.0,3
A1M33P,211,23.59333333333333,30.564694444444445,-167.99999999999997,3
A1M33P,213,23.59058333333333,30.565444444444445,-165.0,3
A1M33P,214,23.33616666666667,30.566722222222207,-89.99999999999999,1
A1M33P,217,23.32566666666667,30.56775,-89.99999999999999,1
A2M33P,0,23.39220833333333,30.5365,-120.0,3
A2M33P,1,23.57129166666667,30.574055555555557,-156.0,3
A2M33P,8,23.542625,30.53313888888889,-138.0,3
A2M33P,15,23.451875,30.561555555555557,-126.0,3
A2M33P,48,23.59470833333333,30.546055555555558,-153.0,3
A2M33P,49,23.31104166666667,30.547638888888887,-126.0,3
A2M33P,64,23.579,30.573638888888887,-162.0,3
A2M33P,66,23.583875,30.5765,-183.0,3
A2M33P,67,23.56104166666667,30.557361111111113,-150.0,3
A2M33P,68,23.55833333333333,30.56227777777778,-147.0,3
A2M33P,70,23.532625,30.58375,-162.0,3
A2M33P,72,23.56695833333333,30.5765,-177.0,3
A2M33P,75,23.56254166666667,30.56388888888889,-153.0,3
A2M33P,76,23.57641666666667,30.55544444444445,-150.0,3
A2M33P,77,23.557125,30.580972222222233,-167.99999999999997,3
A2M33P,78,23.55583333333333,30.55488888888889,-162.0,3
A2M33P,83,23.51708333333333,30.55733333333333,-156.0,3
A2M33P,86,23.539625,30.56813888888889,-179.99999999999997,3
A2M33P,87,23.49766666666667,30.57491666666667,-120.0,3
A2M33P,88,23.499416666666665,30.57416666666667,-129.0,3
A2M33P,89,23.481791666666666,30.559527777777767,-132.0,3
A2M33P,90,23.50233333333333,30.56819444444445,-132.0,3
A2M33P,92,23.444208333333336,30.57308333333333,-126.0,3
A2M33P,94,23.411166666666666,30.58088888888889,-126.0,3
A2M33P,95,23.41529166666667,30.58233333333333,-120.0,3
A2M33P,96,23.40708333333333,30.590555555555554,-138.0,3
A2M33P,98,23.393583333333336,30.593555555555554,-120.0,3
A2M33P,100,23.40575,30.57269444444445,-120.0,3
A2M33P,101,23.39491666666667,30.59263888888889,-120.0,3
A2M33P,103,23.58241666666667,30.554055555555557,-162.0,3
A2M33P,105,23.57379166666667,30.54363888888889,-156.0,3
A2M33P,107,23.540875,30.536722222222235,-162.0,3
A2M33P,108,23.53675,30.545638888888888,-162.0,3
A2M33P,112,23.54933333333333,30.54888888888889,-192.00000000000003,3
A2M33P,113,23.538,30.53816666666667,-126.0,3
A2M33P,119,23.496375,30.555611111111112,-135.0,3
A2M33P,120,23.51541666666667,30.53311111111111,-129.0,3
A2M33P,121,23.51120833333333,30.541694444444445,-201.0,1
A2M33P,126,23.45575,30.549944444444453,-120.0,3
A2M33P,127,23.48925,30.540972222222226,-129.0,3
A2M33P,129,23.45716666666667,30.557666666666666,-120.0,3
A2M33P,131,23.495125,30.535611111111113,-129.0,3
A2M33P,132,23.47466666666667,30.555972222222234,-132.0,3
A2M33P,134,23.45866666666667,30.54866666666667,-114.0,3
A2M33P,135,23.45320833333333,30.552111111111113,-111.0,3
A2M33P,137,23.48008333333333,30.52180555555556,-123.0,3
A2M33P,138,23.46008333333333,30.565555555555555,-120.0,3
A2M33P,139,23.443,30.54925,-114.0,3
A2M33P,140,23.43325,30.555,-111.0,3
A2M33P,141,23.436375,30.55997222222221,-123.0,3
A2M33P,142,23.437875,30.55244444444445,-117.0,3
A2M33P,143,23.441375,30.56361111111111,-120.0,3
A2M33P,144,23.44866666666667,30.55,-120.0,3
A2M33P,145,23.42691666666667,30.576694444444453,-126.0,3
A2M33P,147,23.454375,30.54561111111111,-120.0,3
A2M33P,148,23.423875,30.55575,-120.0,3
A2M33P,149,23.43133333333333,30.559777777777786,-126.0,3
A2M33P,150,23.44725,30.54925,-117.0,3
A2M33P,152,23.38875,30.568805555555556,-114.0,2
A2M33P,153,23.39645833333333,30.554305555555555,-132.0,3
A2M33P,154,23.38308333333333,30.56069444444445,-132.0,3
A2M33P,155,23.400375,30.555,-108.0,3
A2M33P,156,23.399125,30.576027777777767,-108.0,3
A2M33P,157,23.378833333333336,30.573166666666665,-138.0,3
A2M33P,158,23.38008333333333,30.57344444444445,-147.0,3
A2M33P,159,23.36175,30.56377777777778,-120.0,3
A2M33P,160,23.381375,30.55583333333333,-126.0,3
A2M33P,163,23.363166666666665,30.58016666666667,-114.0,2
A2M33P,178,23.46704166666667,30.516861111111112,-147.0,1
A2M33P,181,23.402875,30.526,-120.0,3
A2M33P,184,23.41366666666667,30.5285,-120.0,3
A2M33P,185,23.425291666666666,30.523000000000003,-108.0,3
A2M33P,187,23.42254166666667,30.519527777777785,-96.0,3
A2M33P,188,23.404416666666666,30.527166666666666,-114.0,3
A2M33P,189,23.41816666666667,30.51888888888889,-108.0,3
A2M33P,206,23.59345833333333,30.544555555555558,-159.0,3
A2M33P,210,23.58916666666667,30.5635,-167.99999999999997,3
B1M33P,0,23.48654166666667,30.624944444444445,-179.99999999999997,3
B1M33P,1,23.46054166666667,30.63947222222221,-167.99999999999997,3
B1M33P,2,23.42016666666667,30.59008333333333,-153.0,3
B1M33P,3,23.480125,30.59113888888889,-165.0,3
B1M33P,9,23.57570833333333,30.635361111111113,-207.0,3
B1M33P,11,23.55716666666667,30.656416666666665,-237.0,3
B1M33P,13,23.55070833333333,30.65733333333333,-219.0,3
B1M33P,14,23.5705,30.65369444444445,-237.0,3
B1M33P,15,23.58395833333333,30.635277777777766,-198.0,3
B1M33P,19,23.571666666666665,30.620694444444453,-210.0,3
B1M33P,20,23.56245833333333,30.640305555555557,-213.0,3
B1M33P,22,23.53633333333333,30.64266666666667,-231.0,3
B1M33P,23,23.543041666666664,30.63519444444445,-219.0,3
B1M33P,27,23.54045833333333,30.63569444444445,-210.0,3
B1M33P,32,23.578416666666666,30.618000000000002,-201.0,3
B1M33P,33,23.57975,30.60966666666667,-201.0,3
B1M33P,34,23.577041666666666,30.618305555555555,-192.00000000000003,3
B1M33P,35,23.57291666666667,30.610277777777767,-204.00000000000003,3
B1M33P,36,23.54816666666667,30.60477777777778,-179.99999999999997,3
B1M33P,37,23.56916666666667,30.60825,-204.00000000000003,3
B1M33P,38,23.554375,30.607555555555557,-198.0,3
B1M33P,39,23.54691666666667,30.610166666666668,-183.0,3
B1M33P,40,23.55833333333333,30.60425,-207.0,3
B1M33P,43,23.56104166666667,30.609444444444453,-204.00000000000003,3
B1M33P,44,23.58254166666667,30.59819444444444,-189.0,3
B1M33P,49,23.527875,30.608638888888887,-183.0,3
B1M33P,50,23.529625,30.591361111111112,-174.0,3
B1M33P,51,23.52512500000001,30.593527777777766,-174.0,3
B1M33P,52,23.50858333333333,30.625722222222233,-186.0,3
B1M33P,53,23.50475,30.61063888888889,-177.0,3
B1M33P,54,23.5265,30.59858333333333,-177.0,3
B1M33P,55,23.532375,30.61325,-189.0,3
B1M33P,56,23.53775,30.60819444444445,-189.0,3
B1M33P,59,23.52304166666667,30.61116666666667,-186.0,3
B1M33P,60,23.516125,30.604972222222226,-183.0,3
B1M33P,61,23.519125,30.609805555555557,-162.0,3
B1M33P,63,23.514875,30.608472222222233,-183.0,3
B1M33P,64,23.509875,30.622805555555555,-186.0,3
B1M33P,65,23.47495833333333,30.623305555555557,-179.99999999999997,3
B1M33P,67,23.48833333333333,30.59800000000001,-165.0,3
B1M33P,69,23.46854166666667,30.634527777777766,-189.0,3
B1M33P,70,23.49433333333333,30.60361111111111,-174.0,3
B1M33P,71,23.501291666666663,30.606472222222234,-174.0,3
B1M33P,72,23.462291666666665,30.636277777777767,-162.0,3
B1M33P,73,23.478875,30.623916666666666,-192.00000000000003,3
B1M33P,74,23.459,30.62686111111111,-174.0,3
B1M33P,75,23.493000000000002,30.600805555555556,-165.0,3
B1M33P,76,23.46675,30.61861111111111,-186.0,3
B1M33P,78,23.42870833333333,30.646472222222233,-183.0,3
B1M33P,79,23.445,30.615444444444453,-179.99999999999997,3
B1M33P,81,23.44700000000001,30.64383333333333,-179.99999999999997,3
B1M33P,82,23.443666666666665,30.632388888888887,-167.99999999999997,3
B1M33P,83,23.433000000000003,30.638972222222232,-177.0,3
B1M33P,84,23.42333333333333,30.64269444444445,-186.0,3
B1M33P,85,23.41716666666667,30.639777777777766,-177.0,3
B1M33P,86,23.45025,30.605611111111113,-162.0,3
B1M33P,87,23.430125,30.643916666666666,-183.0,3
B1M33P,88,23.45320833333333,30.61633333333333,-174.0,3
B1M33P,89,23.457791666666665,30.6255,-174.0,3
B1M33P,90,23.4635,30.61275,-174.0,3
B1M33P,91,23.39766666666667,30.64305555555556,-179.99999999999997,3
B1M33P,94,23.41579166666667,30.61727777777779,-156.0,3
B1M33P,95,23.38933333333333,30.63330555555555,-156.0,3
B1M33P,96,23.404416666666666,30.628722222222233,-174.0,3
B1M33P,97,23.41433333333333,30.620722222222234,-162.0,3
B1M33P,102,23.37341666666667,30.61594444444445,-162.0,3
B1M33P,103,23.57425,30.58208333333333,-186.0,3
B1M33P,104,23.530916666666666,30.58811111111111,-186.0,3
B1M33P,105,23.551875,30.58583333333333,-189.0,3
B1M33P,106,23.553125,30.581777777777766,-195.0,3
B1M33P,107,23.496875,30.59308333333333,-165.0,3
B1M33P,108,23.50716666666667,30.60016666666667,-174.0,3
B1M33P,109,23.491791666666664,30.59322222222222,-177.0,3
B1M33P,110,23.51129166666667,30.598722222222207,-179.99999999999997,3
B1M33P,111,23.51266666666667,30.58436111111111,-174.0,3
B1M33P,113,23.46504166666667,30.58183333333333,-162.0,3
B1M33P,114,23.4765,30.591166666666666,-174.0,3
B1M33P,115,23.47116666666667,30.581138888888887,-153.0,3
B1M33P,116,23.495583333333336,30.58302777777777,-165.0,3
B1M33P,117,23.49016666666667,30.59105555555556,-167.99999999999997,3
B1M33P,118,23.472875,30.593916666666665,-167.99999999999997,3
B1M33P,119,23.43720833333333,30.60466666666667,-153.0,3
B1M33P,121,23.4275,30.600972222222232,-144.0,3
B1M33P,123,23.421625,30.59433333333333,-156.0,3
B1M33P,124,23.435875,30.607055555555558,-144.0,3
B1M33P,125,23.434458333333332,30.580055555555557,-150.0,3
B1M33P,126,23.42620833333333,30.59508333333333,-150.0,3
B1M33P,127,23.43858333333333,30.586861111111112,-150.0,3
B1M33P,128,23.44008333333333,30.591527777777767,-162.0,3
B1M33P,129,23.43166666666667,30.61141666666667,-167.99999999999997,3
B1M33P,130,23.39625,30.60008333333333,-135.0,3
B1M33P,132,23.41033333333333,30.584861111111113,-144.0,3
B1M33P,134,23.392375,30.59761111111111,-165.0,3
B1M33P,135,23.41308333333333,30.59272222222221,-153.0,3
B1M33P,136,23.408375,30.6005,-156.0,3
B1M33P,137,23.393583333333336,30.593555555555554,-141.0,3
B1M33P,138,23.39491666666667,30.59263888888889,-153.0,3
B1M33P,140,23.38595833333333,30.595,-150.0,3
B1M33P,142,23.361625,30.61527777777778,-150.0,3
B1M33P,144,23.38025,30.598555555555553,-126.0,3
B1M33P,145,23.37866666666667,30.58538888888889,-162.0,3
B1M33P,146,23.36991666666667,30.60583333333333,-150.0,3
B1M33P,149,23.36291666666667,30.612972222222233,-138.0,3
B1M33P,150,23.37158333333333,30.59105555555556,-252.0,2
B1M33P,159,23.637,30.58708333333333,-198.0,3
B1M33P,161,23.61966666666667,30.58163888888889,-213.0,1
B1M33P,162,23.62358333333333,30.583055555555557,-240.0,1
B1M33P,167,23.62479166666667,30.588527777777767,-207.0,3
B1M33P,171,23.63570833333333,30.590138888888887,-192.00000000000003,3
B1M33P,179,23.609791666666666,30.59675,-222.0,3
B1M33P,180,23.451875,30.601527777777786,-156.0,3
B1M33P,182,23.32525,30.60225,-162.0,3
B1M33P,183,23.328958333333336,30.603222222222232,-150.0,2
B1M33P,190,23.350875,30.611277777777786,-89.99999999999999,1
B1M33P,192,23.32695833333333,30.61366666666667,-162.0,3
B1M33P,193,23.33016666666667,30.61444444444445,-179.99999999999997,3
B1M33P,196,23.50008333333333,30.617722222222234,-192.00000000000003,3
B1M33P,198,23.356041666666666,30.619805555555555,-162.0,3
B1M33P,204,23.34945833333333,30.62883333333333,-165.0,3
B1M33P,210,23.357958333333336,30.64386111111111,-167.99999999999997,3
B2M33P,2,23.56104166666667,30.609444444444453,-177.0,3
B2M33P,3,23.553125,30.581777777777766,-165.0,3
B2M33P,4,23.43166666666667,30.61141666666667,-138.0,3
B2M33P,5,23.403208333333332,30.60280555555555,-129.0,3
B2M33P,9,23.636999999999997,30.58708333333333,-186.0,3
B2M33P,11,23.62358333333333,30.583055555555557,-144.0,2
B2M33P,15,23.62479166666667,30.588527777777767,-174.0,3
B2M33P,24,23.32525,30.60225,-138.0,3
B2M33P,25,23.627333333333336,30.603805555555557,-167.99999999999997,2
B2M33P,32,23.32695833333333,30.61366666666667,-150.0,3
B2M33P,33,23.33016666666667,30.61444444444445,-150.0,3
B2M33P,36,23.50008333333333,30.617722222222234,-162.0,3
B2M33P,40,23.34945833333333,30.62883333333333,-153.0,3
B2M33P,48,23.59308333333333,30.648138888888887,-141.0,3
B2M33P,50,23.53483333333333,30.64755555555556,-183.0,3
B2M33P,51,23.49216666666667,30.63186111111111,-132.0,3
B2M33P,52,23.39395833333333,30.598805555555554,-114.0,3
B2M33P,53,23.531666666666666,30.65055555555555,-195.0,3
B2M33P,57,23.54516666666667,30.659777777777766,-189.0,3
B2M33P,60,23.573583333333332,30.63408333333333,-144.0,3
B2M33P,61,23.58445833333333,30.63933333333333,-174.0,3
B2M33P,62,23.58175,30.64080555555556,-177.0,3
B2M33P,63,23.575166666666664,30.620166666666666,-186.0,3
B2M33P,64,23.52566666666667,30.6355,-186.0,3
B2M33P,65,23.527041666666666,30.636027777777766,-186.0,3
B2M33P,66,23.54895833333333,30.63586111111111,-189.0,3
B2M33P,67,23.490875,30.64005555555556,-165.0,3
B2M33P,70,23.381708333333336,30.658666666666665,-167.99999999999997,3
B2M33P,71,23.57904166666667,30.616555555555557,-171.0,3
B2M33P,72,23.57641666666667,30.61569444444445,-186.0,3
B2M33P,74,23.541041666666665,30.61947222222221,-162.0,3
B2M33P,75,23.57091666666667,30.61377777777778,-179.99999999999997,3
B2M33P,76,23.57216666666667,30.60808333333333,-179.99999999999997,3
B2M33P,77,23.56966666666667,30.61438888888889,-177.0,3
B2M33P,78,23.54645833333333,30.60291666666667,-153.0,3
B2M33P,79,23.56845833333333,30.61422222222223,-174.0,3
B2M33P,80,23.5505,30.6265,-192.00000000000003,3
B2M33P,82,23.55475,30.62305555555556,-186.0,3
B2M33P,85,23.55608333333333,30.61325,-179.99999999999997,3
B2M33P,86,23.54366666666667,30.62433333333333,-189.0,3
B2M33P,89,23.5395,30.596166666666665,-150.0,3
B2M33P,90,23.522875,30.62022222222221,-167.99999999999997,3
B2M33P,93,23.52154166666667,30.613972222222234,-171.0,3
B2M33P,96,23.528375,30.607277777777767,-141.0,3
B2M33P,97,23.50275,30.62027777777779,-156.0,3
B2M33P,98,23.529916666666665,30.605694444444445,-141.0,3
B2M33P,99,23.516125,30.60597222222223,-156.0,3
B2M33P,100,23.50429166666667,30.63347222222221,-167.99999999999997,3
B2M33P,101,23.510375,30.60597222222223,-153.0,3
B2M33P,102,23.50908333333333,30.611027777777768,-150.0,3
B2M33P,103,23.507041666666666,30.60969444444445,-153.0,3
B2M33P,104,23.511625,30.60975,-141.0,3
B2M33P,106,23.455,30.63586111111111,-126.0,3
B2M33P,107,23.46829166666667,30.626777777777786,-132.0,3
B2M33P,108,23.47008333333333,30.6205,-144.0,3
B2M33P,109,23.48500000000001,30.63300000000001,-159.0,3
B2M33P,110,23.495125,30.622138888888887,-156.0,3
B2M33P,112,23.4455,30.61186111111111,-144.0,3
B2M33P,113,23.42833333333333,30.64319444444445,-144.0,3
B2M33P,114,23.45866666666667,30.619944444444453,-150.0,3
B2M33P,115,23.45679166666667,30.62169444444445,-144.0,3
B2M33P,116,23.42329166666667,30.63211111111111,-144.0,3
B2M33P,118,23.429875,30.650111111111112,-156.0,3
B2M33P,119,23.447541666666666,30.60958333333333,-126.0,3
B2M33P,120,23.41991666666667,30.63577777777777,-153.0,3
B2M33P,121,23.418541666666666,30.63666666666667,-144.0,3
B2M33P,122,23.44404166666667,30.634555555555554,-141.0,3
B2M33P,123,23.43304166666667,30.640166666666666,-144.0,3
B2M33P,124,23.439625,30.611027777777768,-144.0,3
B2M33P,126,23.463583333333336,30.61336111111111,-141.0,3
B2M33P,127,23.38616666666667,30.64983333333333,-153.0,3
B2M33P,128,23.40916666666667,30.60769444444445,-126.0,3
B2M33P,129,23.407916666666665,30.61741666666667,-126.0,3
B2M33P,130,23.37295833333333,30.62686111111111,-144.0,3
B2M33P,131,23.36029166666667,30.649527777777767,-153.0,3
B2M33P,132,23.36170833333333,30.642777777777766,-165.0,3
B2M33P,133,23.36958333333333,30.65813888888889,-174.0,3
B2M33P,135,23.585791666666665,30.59319444444445,-179.99999999999997,3
B2M33P,137,23.53729166666667,30.582027777777785,-162.0,3
B2M33P,138,23.557416666666665,30.581722222222233,-165.0,3
B2M33P,139,23.54220833333333,30.583000000000002,-162.0,3
B2M33P,140,23.496625,30.595861111111113,-141.0,3
B2M33P,141,23.505625,30.58508333333333,-141.0,3
B2M33P,142,23.50133333333333,30.58661111111111,-135.0,3
B2M33P,143,23.512875,30.59438888888889,-150.0,3
B2M33P,144,23.473125,30.58883333333333,-132.0,3
B2M33P,145,23.47625,30.58302777777777,-144.0,3
B2M33P,146,23.48875,30.58308333333333,-144.0,3
B2M33P,147,23.4935,30.585361111111112,-141.0,3
B2M33P,148,23.46695833333333,30.58375,-138.0,3
B2M33P,149,23.46558333333333,30.5885,-150.0,3
B2M33P,150,23.46033333333333,30.598916666666664,-126.0,3
B2M33P,151,23.47133333333333,30.60225,-150.0,3
B2M33P,152,23.438000000000002,30.60552777777778,-120.0,3
B2M33P,153,23.42520833333333,30.60975,-132.0,3
B2M33P,154,23.44275,30.58225,-126.0,3
B2M33P,155,23.4355,30.605583333333332,-132.0,3
B2M33P,162,23.40479166666667,30.597055555555553,-120.0,3
B2M33P,164,23.412625,30.58983333333333,-120.0,3
B2M33P,165,23.42179166666667,30.58438888888889,-126.0,3
B2M33P,166,23.38770833333333,30.598166666666664,-132.0,3
B2M33P,168,23.39004166666667,30.59358333333333,-102.0,3
B2M33P,169,23.395375,30.61877777777779,-129.0,3
B2M33P,174,23.377666666666666,30.59869444444445,-89.99999999999999,2
B2M33P,175,23.38479166666667,30.59619444444445,-102.0,2
B2M33P,176,23.36625,30.599666666666664,-189.0,3
B2M33P,178,23.391375,30.58908333333333,-114.0,3
B2M33P,179,23.375875,30.587527777777765,-126.0,3
B2M33P,180,23.39270833333333,30.587138888888887,-114.0,3
B2M33P,185,23.49795833333333,30.58544444444445,-141.0,3
B2M33P,186,23.604041666666664,30.587611111111112,-138.0,3
B2M33P,187,23.595125,30.594666666666665,-179.99999999999997,2
B2M33P,188,23.45220833333333,30.599666666666664,-138.0,3
B2M33P,189,23.343916666666665,30.599472222222207,-144.0,1
B2M33P,190,23.61925,30.599916666666665,-156.0,1
B2M33P,192,23.34695833333333,30.60366666666667,-156.0,1
B2M33P,194,23.477625,30.61416666666667,-156.0,3
B2M33P,195,23.51466666666667,30.625055555555555,-174.0,3
C1M33P,0,23.41716666666667,30.72294444444445,-228.0,3
C1M33P,9,23.58470833333333,30.722555555555555,-276.0,3
C1M33P,16,23.578041666666664,30.72183333333333,-167.99999999999997,3
C1M33P,23,23.60325,30.702305555555554,-210.0,3
C1M33P,24,23.60525,30.70405555555556,-179.99999999999997,3
C1M33P,33,23.582125,30.65694444444444,-210.0,3
C1M33P,36,23.55791666666667,30.70575,-261.0,3
C1M33P,37,23.579291666666666,30.69041666666667,-201.0,3
C1M33P,41,23.587291666666665,30.660472222222207,-201.0,3
C1M33P,42,23.53,30.69961111111111,-243.0,3
C1M33P,43,23.549291666666665,30.673472222222234,-207.0,3
C1M33P,44,23.547916666666666,30.66638888888889,-207.0,3
C1M33P,45,23.555166666666665,30.67902777777779,-240.0,3
C1M33P,47,23.51845833333333,30.705055555555553,-252.0,3
C1M33P,48,23.53345833333333,30.69011111111111,-237.0,3
C1M33P,49,23.53175,30.70591666666667,-249.0,3
C1M33P,51,23.536125,30.68175,-201.0,3
C1M33P,52,23.54666666666667,30.70458333333333,-255.0,3
C1M33P,53,23.51558333333333,30.701638888888887,-249.0,3
C1M33P,55,23.51283333333333,30.693805555555556,-189.0,3
C1M33P,56,23.49295833333333,30.697555555555557,-249.0,3
C1M33P,58,23.50945833333333,30.700138888888887,-237.0,3
C1M33P,62,23.50666666666667,30.67825,-252.0,3
C1M33P,64,23.49720833333333,30.69491666666667,-249.0,3
C1M33P,67,23.514083333333332,30.684305555555557,-252.0,3
C1M33P,68,23.45295833333333,30.703111111111113,-240.0,3
C1M33P,71,23.47533333333333,30.69144444444445,-243.0,3
C1M33P,72,23.44841666666667,30.696527777777767,-225.0,3
C1M33P,73,23.46545833333333,30.68441666666667,-231.0,3
C1M33P,74,23.44220833333333,30.71027777777777,-231.0,3
C1M33P,76,23.43145833333333,30.712,-225.0,3
C1M33P,77,23.45775,30.68986111111111,-240.0,3
C1M33P,79,23.45633333333333,30.682277777777767,-222.0,3
C1M33P,81,23.47129166666667,30.68808333333333,-240.0,3
C1M33P,82,23.45433333333333,30.68816666666667,-225.0,3
C1M33P,84,23.428625,30.70366666666667,-219.0,3
C1M33P,85,23.410833333333336,30.709888888888887,-225.0,3
C1M33P,87,23.42325,30.69461111111111,-213.0,3
C1M33P,88,23.42720833333333,30.70719444444445,-219.0,3
C1M33P,89,23.41925,30.716027777777786,-222.0,3
C1M33P,91,23.40958333333333,30.71313888888889,-222.0,3
C1M33P,92,23.440916666666666,30.692055555555555,-213.0,3
C1M33P,93,23.412875000000003,30.70300000000001,-213.0,3
C1M33P,95,23.399791666666665,30.71897222222222,-204.00000000000003,3
C1M33P,97,23.401,30.71833333333333,-207.0,3
C1M33P,99,23.38754166666667,30.696361111111113,-216.0,3
C1M33P,100,23.390291666666666,30.70633333333333,-213.0,3
C1M33P,101,23.391666666666666,30.68808333333333,-201.0,3
C1M33P,102,23.384625,30.69394444444445,-189.0,3
C1M33P,108,23.562,30.653555555555553,-192.00000000000003,2
C1M33P,109,23.55383333333333,30.659805555555554,-222.0,3
C1M33P,110,23.57395833333333,30.650166666666664,-144.0,1
C1M33P,112,23.53783333333333,30.654138888888887,-210.0,3
C1M33P,113,23.520625,30.65636111111111,-216.0,3
C1M33P,116,23.5,30.667055555555557,-207.0,3
C1M33P,117,23.52725,30.66,-222.0,3
C1M33P,120,23.495,30.65925,-195.0,3
C1M33P,121,23.48083333333333,30.654777777777767,-195.0,3
C1M33P,122,23.46716666666667,30.66844444444445,-222.0,3
C1M33P,123,23.49020833333333,30.647527777777785,-216.0,3
C1M33P,124,23.477166666666665,30.67166666666667,-219.0,3
C1M33P,125,23.46266666666667,30.66802777777778,-213.0,3
C1M33P,126,23.47925,30.673416666666668,-225.0,3
C1M33P,127,23.501375,30.657555555555554,-207.0,3
C1M33P,128,23.48266666666667,30.67688888888889,-231.0,3
C1M33P,129,23.469625,30.67658333333333,-216.0,3
C1M33P,130,23.50375,30.65219444444445,-198.0,3
C1M33P,131,23.44529166666667,30.666,-183.0,3
C1M33P,132,23.4595,30.661055555555553,-231.0,3
C1M33P,133,23.44675,30.65588888888889,-167.99999999999997,3
C1M33P,136,23.425875,30.672583333333336,-207.0,3
C1M33P,137,23.435250000000003,30.679361111111113,-219.0,3
C1M33P,138,23.439708333333336,30.66772222222223,-189.0,3
C1M33P,140,23.41583333333333,30.663611111111113,-189.0,3
C1M33P,142,23.39704166666667,30.673333333333336,-183.0,3
C1M33P,143,23.398375,30.680777777777767,-189.0,3
C1M33P,144,23.39570833333333,30.687,-195.0,3
C1M33P,146,23.393,30.67730555555556,-177.0,3
C1M33P,147,23.42075,30.698722222222226,-213.0,3
C1M33P,148,23.37145833333333,30.69358333333333,-189.0,3
C1M33P,149,23.37316666666667,30.68663888888889,-189.0,3
C1M33P,151,23.376375,30.66769444444445,-174.0,3
C1M33P,152,23.368625,30.67169444444445,-189.0,3
C1M33P,153,23.37854166666667,30.68775,-195.0,3
C1M33P,154,23.367375,30.686722222222233,-189.0,3
C1M33P,155,23.364791666666665,30.67319444444445,-179.99999999999997,3
C1M33P,156,23.366083333333336,30.66741666666667,-177.0,3
C1M33P,158,23.36991666666667,30.694027777777766,-195.0,3
C1M33P,159,23.379916666666666,30.66369444444444,-147.0,3
C1M33P,160,23.473208333333336,30.647666666666666,-171.0,3
C1M33P,161,23.429875,30.650111111111112,-195.0,3
C1M33P,162,23.38616666666667,30.64983333333333,-89.99999999999999,2
C1M33P,164,23.363416666666666,30.652527777777767,-165.0,3
C1M33P,165,23.361666666666665,30.651416666666666,-165.0,3
C1M33P,166,23.36029166666667,30.649527777777767,-183.0,3
C1M33P,167,23.33154166666667,30.64708333333333,-96.0,1
C1M33P,169,23.355625,30.64980555555556,-132.0,3
C1M33P,172,23.337875,30.658416666666664,-156.0,3
C1M33P,176,23.64491666666667,30.664416666666664,-222.0,3
C1M33P,177,23.35370833333333,30.667333333333332,-162.0,3
C1M33P,185,23.63170833333333,30.677972222222234,-231.0,3
C1M33P,186,23.64375,30.67808333333333,-114.0,1
C1M33P,187,23.62833333333333,30.680944444444453,-114.0,2
C1M33P,191,23.63045833333333,30.693555555555548,-216.0,3
C1M33P,192,23.634541666666664,30.694555555555556,-252.0,3
C1M33P,193,23.6255,30.6935,-225.0,3
C1M33P,195,23.35833333333333,30.69669444444445,-189.0,3
C1M33P,199,23.35695833333333,30.696527777777767,-189.0,3
C2M33P,2,23.401,30.71833333333333,-207.0,3
C2M33P,3,23.37466666666667,30.697805555555554,-189.0,3
C2M33P,5,23.36029166666667,30.649527777777767,-183.0,3
C2M33P,6,23.33154166666667,30.64708333333333,-89.99999999999999,1
C2M33P,9,23.337875,30.658416666666664,-249.0,3
C2M33P,12,23.64491666666667,30.664416666666664,-222.0,3
C2M33P,13,23.35370833333333,30.667333333333332,-186.0,3
C2M33P,14,23.34883333333333,30.666,-165.0,3
C2M33P,18,23.626875,30.673444444444453,-237.0,3
C2M33P,20,23.63170833333333,30.677972222222234,-237.0,3
C2M33P,21,23.64375,30.67808333333333,-231.0,3
C2M33P,23,23.32995833333333,30.68394444444445,-150.0,3
C2M33P,25,23.634541666666664,30.694555555555556,-228.0,3
C2M33P,26,23.517041666666664,30.706111111111113,-237.0,3
C2M33P,43,23.58420833333333,30.712166666666665,-198.0,3
C2M33P,47,23.564875,30.68633333333333,-213.0,3
C2M33P,48,23.57879166666667,30.65569444444445,-204.00000000000003,3
C2M33P,51,23.576999999999998,30.687305555555557,-228.0,2
C2M33P,52,23.562166666666666,30.705305555555555,-231.0,3
C2M33P,55,23.57558333333333,30.67444444444445,-213.0,3
C2M33P,59,23.55304166666667,30.709027777777766,-243.0,3
C2M33P,60,23.531875,30.69466666666667,-237.0,3
C2M33P,61,23.55433333333333,30.680222222222234,-237.0,3
C2M33P,62,23.536416666666664,30.68125,-273.0,2
C2M33P,63,23.521375,30.70647222222221,-237.0,3
C2M33P,64,23.533625,30.69658333333333,-237.0,3
C2M33P,65,23.5265,30.70741666666667,-252.0,3
C2M33P,66,23.546999999999997,30.66761111111111,-216.0,3
C2M33P,67,23.551625,30.67688888888889,-204.00000000000003,3
C2M33P,68,23.548666666666666,30.6675,-207.0,3
C2M33P,69,23.539875,30.71283333333333,-255.0,3
C2M33P,70,23.52295833333333,30.68633333333333,-234.0,3
C2M33P,72,23.50845833333333,30.688027777777766,-234.0,3
C2M33P,74,23.50366666666667,30.67394444444445,-219.0,3
C2M33P,75,23.49195833333333,30.69511111111111,-249.0,3
C2M33P,77,23.49520833333333,30.688972222222233,-234.0,3
C2M33P,79,23.50579166666667,30.67316666666667,-228.0,3
C2M33P,81,23.50208333333333,30.702333333333332,-243.0,3
C2M33P,83,23.44779166666667,30.698527777777766,-207.0,3
C2M33P,84,23.45520833333333,30.68052777777779,-219.0,3
C2M33P,85,23.43429166666667,30.71305555555556,-225.0,3
C2M33P,86,23.456541666666666,30.683972222222234,-213.0,3
C2M33P,87,23.46283333333333,30.679527777777786,-225.0,3
C2M33P,88,23.44470833333333,30.705861111111112,-225.0,3
C2M33P,90,23.45366666666667,30.70558333333333,-231.0,2
C2M33P,91,23.479625,30.68869444444445,-225.0,3
C2M33P,92,23.44191666666667,30.70944444444445,-231.0,3
C2M33P,93,23.43608333333333,30.70127777777777,-225.0,3
C2M33P,95,23.42295833333333,30.693444444444445,-201.0,3
C2M33P,96,23.424375,30.688944444444445,-201.0,3
C2M33P,98,23.44029166666667,30.69608333333333,-207.0,3
C2M33P,99,23.425625000000004,30.70136111111111,-207.0,3
C2M33P,100,23.42095833333333,30.71463888888889,-225.0,3
C2M33P,101,23.42929166666667,30.700222222222234,-213.0,3
C2M33P,102,23.41633333333333,30.721555555555554,-216.0,3
C2M33P,103,23.41491666666667,30.71769444444445,-219.0,3
C2M33P,104,23.38720833333333,30.693305555555554,-213.0,3
C2M33P,105,23.378875,30.695138888888888,-201.0,3
C2M33P,106,23.38058333333333,30.70269444444445,-201.0,3
C2M33P,107,23.39254166666667,30.688388888888888,-201.0,3
C2M33P,109,23.399375,30.693361111111113,-201.0,3
C2M33P,110,23.390625,30.697722222222207,-210.0,3
C2M33P,111,23.38191666666667,30.69075,-189.0,3
C2M33P,118,23.54379166666667,30.65447222222221,-207.0,3
C2M33P,119,23.545666666666666,30.661805555555553,-225.0,3
C2M33P,120,23.55716666666667,30.656416666666665,-201.0,3
C2M33P,121,23.56333333333333,30.66244444444445,-213.0,3
C2M33P,122,23.55566666666667,30.658666666666665,-204.00000000000003,3
C2M33P,123,23.50716666666667,30.65719444444445,-213.0,3
C2M33P,125,23.54175,30.64858333333333,-207.0,3
C2M33P,126,23.527791666666666,30.66444444444444,-216.0,3
C2M33P,127,23.51475,30.661166666666666,-216.0,3
C2M33P,128,23.524583333333336,30.65786111111111,-204.00000000000003,3
C2M33P,129,23.52920833333333,30.657027777777767,-219.0,3
C2M33P,130,23.535125,30.64847222222221,-225.0,3
C2M33P,131,23.49070833333333,30.65647222222222,-189.0,3
C2M33P,132,23.49895833333333,30.66019444444445,-204.00000000000003,3
C2M33P,133,23.49379166666667,30.67011111111111,-207.0,3
C2M33P,134,23.47341666666667,30.668083333333332,-219.0,3
C2M33P,135,23.46483333333333,30.67372222222223,-213.0,3
C2M33P,136,23.4615,30.671055555555558,-213.0,3
C2M33P,137,23.481666666666666,30.67888888888889,-216.0,3
C2M33P,138,23.47604166666667,30.67233333333333,-216.0,3
C2M33P,139,23.47754166666667,30.67394444444445,-213.0,3
C2M33P,140,23.50016666666667,30.650166666666664,-179.99999999999997,1
C2M33P,141,23.46808333333333,30.67072222222223,-222.0,3
C2M33P,142,23.45041666666667,30.67597222222223,-201.0,3
C2M33P,143,23.46929166666667,30.653777777777766,-186.0,3
C2M33P,144,23.419375,30.68325,-207.0,3
C2M33P,146,23.451625,30.661972222222207,-195.0,3
C2M33P,147,23.44908333333333,30.66144444444444,-177.0,3
C2M33P,149,23.46641666666667,30.64875,-165.0,3
C2M33P,150,23.43908333333333,30.661555555555548,-195.0,3
C2M33P,151,23.45875,30.65294444444445,-186.0,3
C2M33P,152,23.4715,30.650805555555554,-177.0,3
C2M33P,153,23.44595833333333,30.64675,-165.0,3
C2M33P,154,23.39404166666667,30.68225,-189.0,3
C2M33P,156,23.411625,30.681694444444453,-204.00000000000003,3
C2M33P,157,23.41291666666667,30.66783333333333,-179.99999999999997,3
C2M33P,158,23.41800000000001,30.677805555555558,-207.0,3
C2M33P,159,23.410375,30.68352777777778,-204.00000000000003,3
C2M33P,160,23.40916666666667,30.658472222222233,-174.0,3
C2M33P,161,23.371958333333332,30.684638888888887,-201.0,3
C2M33P,163,23.36825,30.68513888888889,-189.0,3
C2M33P,164,23.36645833333333,30.67594444444445,-189.0,3
C2M33P,165,23.383375,30.66941666666667,-162.0,3
C2M33P,166,23.38466666666667,30.67844444444445,-198.0,3
C2M33P,167,23.37320833333333,30.67136111111111,-189.0,3
C2M33P,168,23.36945833333333,30.673027777777786,-198.0,3
C2M33P,169,23.36525,30.67513888888889,-195.0,3
C2M33P,170,23.37075,30.68425,-189.0,3
C2M33P,173,23.39558333333333,30.647861111111112,-183.0,3
C2M33P,174,23.39804166666667,30.654916666666665,-177.0,3
C2M33P,175,23.364,30.65186111111111,-174.0,3
C2M33P,176,23.3625,30.650444444444442,-186.0,3
C2M33P,178,23.617916666666666,30.652916666666666,-237.0,1
C2M33P,181,23.34504166666667,30.67083333333333,-156.0,3
C2M33P,183,23.355,30.6795,-179.99999999999997,3
C2M33P,184,23.61554166666667,30.679861111111112,-240.0,3
C2M33P,185,23.63925,30.68441666666667,-243.0,3
C2M33P,186,23.62495833333333,30.683888888888887,-243.0,3
C2M33P,187,23.62820833333333,30.68636111111111,-231.0,3
C2M33P,188,23.616791666666664,30.68841666666667,-240.0,3
C2M33P,189,23.483166666666666,30.68841666666667,-231.0,3
C2M33P,190,23.62958333333333,30.6935,-249.0,3
C2M33P,191,23.35775,30.697194444444445,-195.0,3
C2M33P,192,23.437375,30.7025,-225.0,3
D1M33P,0,23.375708333333336,30.71525,-210.0,3
D1M33P,1,23.62041666666667,30.74675,-225.0,3
D1M33P,2,23.554166666666664,30.74791666666667,-279.0,3
D1M33P,4,23.5465,30.77558333333333,-288.0,3
D1M33P,6,23.54816666666667,30.77797222222221,-258.0,3
D1M33P,7,23.64325,30.75561111111111,-249.0,3
D1M33P,8,23.56183333333333,30.762555555555554,-249.0,3
D1M33P,10,23.591916666666666,30.75719444444445,-267.0,3
D1M33P,12,23.55004166666667,30.75833333333333,-279.0,3
D1M33P,14,23.563208333333336,30.74002777777779,-273.0,3
D1M33P,15,23.6395,30.759555555555554,-264.0,3
D1M33P,16,23.586,30.762777777777767,-264.0,3
D1M33P,17,23.62933333333333,30.78391666666667,-267.0,3
D1M33P,19,23.57533333333333,30.753138888888888,-240.0,2
D1M33P,20,23.62545833333333,30.74675,-243.0,3
D1M33P,21,23.552791666666664,30.72930555555555,-237.0,3
D1M33P,22,23.62683333333333,30.77347222222221,-255.0,3
D1M33P,23,23.54066666666667,30.7225,-261.0,1
D1M33P,25,23.53920833333333,30.76775,-267.0,3
D1M33P,26,23.64475,30.760361111111113,-249.0,3
D1M33P,27,23.63820833333333,30.77058333333333,-261.0,3
D1M33P,33,23.6305,30.749472222222234,-252.0,2
D1M33P,38,23.534916666666664,30.73975,-312.0,3
D1M33P,39,23.5425,30.76933333333333,-309.00000000000006,3
D1M33P,40,23.616416666666666,30.73033333333333,-225.0,3
D1M33P,41,23.57395833333333,30.77,-138.0,3
D1M33P,42,23.555416666666666,30.758138888888887,-288.0,2
D1M33P,43,23.615041666666666,30.79175,-264.0,3
D1M33P,44,23.61258333333333,30.769416666666665,-309.00000000000006,3
D1M33P,46,23.565416666666664,30.77375,-282.0,3
D1M33P,48,23.56033333333333,30.77608333333333,-288.0,3
D1M33P,49,23.530916666666666,30.735611111111112,-249.0,3
D1M33P,55,23.58470833333333,30.722555555555555,-273.0,3
D1M33P,61,23.579625,30.75208333333333,-264.0,3
D1M33P,62,23.64191666666667,30.76541666666667,-264.0,3
D1M33P,64,23.600666666666665,30.771166666666666,-297.0,3
D1M33P,69,23.53795833333333,30.755666666666666,-300.0,1
D1M33P,71,23.57229166666667,30.729555555555553,-285.0,3
D1M33P,73,23.64808333333333,30.75716666666667,-249.0,3
D1M33P,74,23.576625,30.73416666666667,-264.0,3
D1M33P,76,23.61783333333333,30.782277777777768,-303.0,3
D1M33P,77,23.623,30.77775,-264.0,3
D1M33P,78,23.63570833333333,30.768166666666666,-261.0,3
D1M33P,80,23.64604166666667,30.77563888888889,-249.0,3
D1M33P,82,23.58854166666667,30.787138888888887,-288.0,3
D1M33P,84,23.606333333333332,30.782527777777766,-267.0,3
D1M33P,85,23.45300000000001,30.757444444444445,-243.0,3
D1M33P,88,23.451625,30.753611111111113,-237.0,3
D1M33P,91,23.486791666666665,30.752777777777766,-255.0,3
D1M33P,92,23.46341666666667,30.753916666666665,-249.0,3
D1M33P,93,23.52816666666667,30.763277777777766,-359.99999999999994,1
D1M33P,94,23.51975,30.760527777777767,-288.0,1
D1M33P,95,23.482125,30.75836111111111,-249.0,3
D1M33P,99,23.47416666666667,30.73525,-243.0,3
D1M33P,102,23.46758333333333,30.760222222222207,-240.0,3
D1M33P,103,23.4425,30.736694444444453,-231.0,3
D1M33P,105,23.50045833333333,30.743111111111112,-249.0,3
D1M33P,106,23.52254166666667,30.763305555555554,-288.0,3
D1M33P,110,23.471625,30.75213888888889,-252.0,3
D1M33P,111,23.49058333333333,30.764055555555554,-273.0,3
D1M33P,112,23.43608333333333,30.75261111111111,-216.0,3
D1M33P,114,23.47291666666667,30.76925,-267.0,3
D1M33P,115,23.52470833333333,30.762166666666666,-324.0,1
D1M33P,117,23.507416666666664,30.730916666666666,-249.0,3
D1M33P,118,23.49379166666667,30.747722222222233,-264.0,3
D1M33P,119,23.526791666666664,30.766,-297.0,3
D1M33P,120,23.44529166666667,30.73841666666667,-237.0,3
D1M33P,122,23.42170833333333,30.791027777777767,-255.0,3
D1M33P,123,23.425666666666665,30.757055555555556,-237.0,3
D1M33P,125,23.505625,30.75997222222221,-165.0,1
D1M33P,127,23.477166666666665,30.742722222222234,-249.0,3
D1M33P,130,23.43483333333333,30.744722222222233,-243.0,3
D1M33P,131,23.50429166666667,30.730694444444442,-267.0,3
D1M33P,132,23.41758333333333,30.762166666666666,-225.0,3
D1M33P,137,23.475791666666666,30.768166666666666,-279.0,3
D1M33P,138,23.418875,30.76169444444445,-231.0,3
D1M33P,139,23.4925,30.75938888888889,-264.0,3
D1M33P,141,23.50308333333333,30.73697222222223,-264.0,3
D1M33P,142,23.44675,30.765138888888888,-252.0,3
D1M33P,147,23.45708333333333,30.729277777777767,-246.0,3
D1M33P,148,23.44125,30.71697222222221,-240.0,3
D1M33P,151,23.488875,30.723722222222207,-246.0,3
D1M33P,152,23.468875,30.72375,-237.0,3
D1M33P,153,23.478666666666665,30.72744444444445,-252.0,3
D1M33P,156,23.40983333333333,30.717166666666664,-219.0,3
D1M33P,161,23.41633333333333,30.721555555555554,-219.0,3
D1M33P,167,23.388666666666666,30.7175,-207.0,3
D1M33P,168,23.38495833333333,30.71380555555556,-201.0,3
D1M33P,169,23.38616666666667,30.72238888888889,-201.0,3
D1M33P,170,23.39066666666667,30.728805555555553,-183.0,3
D1M33P,177,23.668833333333332,30.719666666666665,-234.0,3
D1M33P,181,23.66433333333333,30.725972222222207,-234.0,3
D1M33P,184,23.355125,30.72758333333333,-165.0,2
D1M33P,185,23.66720833333333,30.727555555555554,-240.0,3
D1M33P,186,23.65766666666667,30.7285,-243.0,3
D1M33P,194,23.37295833333333,30.73983333333333,-165.0,3
D1M33P,199,23.66216666666667,30.75075,-288.0,3
D1M33P,200,23.363875,30.750972222222234,-213.0,3
D2M33P,0,23.579625,30.75208333333333,-231.0,3
D2M33P,2,23.57229166666667,30.729555555555553,-261.0,3
D2M33P,3,23.623,30.77775,-240.0,3
D2M33P,4,23.63570833333333,30.768166666666666,-231.0,3
D2M33P,5,23.62175,30.717027777777766,-216.0,3
D2M33P,6,23.64604166666667,30.77563888888889,-225.0,3
D2M33P,8,23.58854166666667,30.787138888888887,-264.0,3
D2M33P,10,23.606333333333332,30.782527777777766,-264.0,3
D2M33P,11,23.41758333333333,30.762166666666666,-201.0,3
D2M33P,12,23.47004166666667,30.77647222222221,-222.0,3
D2M33P,13,23.50308333333333,30.73697222222223,-231.0,3
D2M33P,14,23.44675,30.765138888888888,-192.00000000000003,3
D2M33P,16,23.39066666666667,30.728805555555553,-114.0,1
D2M33P,17,23.66583333333333,30.71563888888889,-171.0,3
D2M33P,18,23.67145833333333,30.717527777777768,-201.0,3
D2M33P,23,23.66433333333333,30.725972222222207,-213.0,3
D2M33P,26,23.65766666666667,30.7285,-201.0,3
D2M33P,33,23.37295833333333,30.73983333333333,-89.99999999999999,2
D2M33P,38,23.66216666666667,30.75075,-273.0,2
D2M33P,41,23.53879166666667,30.75741666666667,-192.00000000000003,2
D2M33P,42,23.544666666666664,30.75866666666667,-252.0,3
D2M33P,44,23.607541666666666,30.75288888888889,-171.0,3
D2M33P,47,23.54745833333333,30.776777777777767,-228.0,3
D2M33P,48,23.564791666666668,30.76675,-195.0,3
D2M33P,50,23.56045833333333,30.735777777777766,-240.0,3
D2M33P,52,23.617916666666666,30.747694444444445,-192.00000000000003,2
D2M33P,54,23.54170833333333,30.774166666666666,-225.0,3
D2M33P,56,23.60904166666667,30.747,-216.0,3
D2M33P,57,23.584416666666666,30.755722222222207,-273.0,3
D2M33P,59,23.55454166666667,30.74163888888889,-231.0,3
D2M33P,60,23.632,30.74841666666667,-216.0,2
D2M33P,61,23.590625,30.77775,-240.0,3
D2M33P,62,23.591875,30.749277777777767,-258.0,3
D2M33P,63,23.575041666666664,30.73605555555556,-222.0,3
D2M33P,64,23.55583333333333,30.77533333333333,-249.0,3
D2M33P,67,23.55158333333333,30.74991666666667,-243.0,3
D2M33P,70,23.57366666666667,30.723277777777767,-204.00000000000003,3
D2M33P,71,23.62820833333333,30.787805555555558,-246.0,3
D2M33P,72,23.64191666666667,30.742638888888887,-195.0,3
D2M33P,73,23.56183333333333,30.77358333333333,-255.0,3
D2M33P,75,23.582583333333336,30.740805555555557,-231.0,3
D2M33P,78,23.55329166666667,30.73391666666667,-228.0,2
D2M33P,79,23.58725,30.77483333333333,-234.0,3
D2M33P,80,23.56983333333333,30.752027777777766,-231.0,3
D2M33P,81,23.563125,30.772416666666665,-252.0,3
D2M33P,82,23.585666666666665,30.743305555555555,-237.0,3
D2M33P,83,23.648125,30.75175,-231.0,3
D2M33P,84,23.578125,30.730888888888888,-243.0,3
D2M33P,85,23.61675,30.77494444444445,-216.0,2
D2M33P,87,23.576291666666666,30.771166666666666,-126.0,1
D2M33P,88,23.55908333333333,30.77438888888889,-240.0,3
D2M33P,89,23.62425,30.78841666666667,-234.0,3
D2M33P,90,23.56608333333333,30.77741666666667,-270.0,3
D2M33P,91,23.536916666666666,30.74466666666667,-231.0,3
D2M33P,95,23.56795833333333,30.718777777777767,-237.0,2
D2M33P,96,23.54591666666667,30.74594444444445,-231.0,3
D2M33P,97,23.600125,30.757555555555548,-207.0,3
D2M33P,103,23.58104166666667,30.768694444444442,-303.0,2
D2M33P,104,23.60295833333333,30.772527777777785,-321.0,2
D2M33P,105,23.63816666666667,30.71358333333333,-240.0,3
D2M33P,106,23.44220833333333,30.75847222222223,-213.0,3
D2M33P,107,23.533875,30.770555555555553,-246.0,3
D2M33P,108,23.43533333333333,30.742305555555557,-219.0,3
D2M33P,109,23.481125,30.75741666666667,-210.0,3
D2M33P,111,23.482875,30.734055555555557,-309.00000000000006,1
D2M33P,115,23.43654166666667,30.76319444444445,-297.0,1
D2M33P,116,23.51625,30.740472222222234,-243.0,3
D2M33P,118,23.47445833333333,30.73966666666667,-228.0,3
D2M33P,119,23.50825,30.735,-246.0,3
D2M33P,120,23.47591666666667,30.75433333333333,-219.0,3
D2M33P,121,23.42058333333333,30.751027777777786,-201.0,3
D2M33P,127,23.45845833333333,30.7635,-207.0,3
D2M33P,128,23.44070833333333,30.75975,-252.0,3
D2M33P,129,23.52091666666667,30.73766666666667,-219.0,3
D2M33P,131,23.4865,30.758805555555554,-219.0,3
D2M33P,132,23.52470833333333,30.748027777777786,-189.0,1
D2M33P,134,23.46158333333333,30.75825,-213.0,3
D2M33P,141,23.45520833333333,30.76858333333333,-207.0,3
D2M33P,142,23.528666666666666,30.77097222222222,-240.0,3
D2M33P,143,23.49916666666667,30.759166666666665,-237.0,3
D2M33P,144,23.47958333333333,30.753722222222233,-231.0,3
D2M33P,145,23.49095833333333,30.752666666666666,-231.0,3
D2M33P,146,23.448583333333332,30.759611111111113,-210.0,3
D2M33P,147,23.422083333333337,30.768694444444442,-207.0,3
D2M33P,148,23.505666666666666,30.76886111111111,-240.0,3
D2M33P,149,23.462916666666665,30.748444444444445,-219.0,3
D2M33P,151,23.468708333333336,30.77175,-267.0,2
D2M33P,152,23.5235,30.72861111111111,-201.0,2
D2M33P,153,23.45995833333333,30.756888888888888,-219.0,3
D2M33P,156,23.43775,30.792638888888888,-204.00000000000003,1
D2M33P,159,23.52225,30.71619444444445,-252.0,2
D2M33P,160,23.50958333333333,30.72125,-222.0,3
D2M33P,161,23.49733333333333,30.72344444444445,-222.0,3
D2M33P,164,23.45341666666667,30.72513888888889,-213.0,3
D2M33P,166,23.449875,30.7255,-219.0,3
D2M33P,168,23.46704166666667,30.72197222222222,-219.0,3
D2M33P,169,23.47833333333333,30.724527777777766,-219.0,3
D2M33P,170,23.47175,30.72888888888889,-216.0,3
D2M33P,171,23.413375,30.71763888888889,-207.0,3
D2M33P,173,23.41925,30.716027777777786,-201.0,3
D2M33P,175,23.41491666666667,30.71769444444445,-195.0,3
D2M33P,176,23.405125,30.722305555555554,-177.0,3
D2M33P,183,23.38745833333333,30.71983333333333,-177.0,3
D2M33P,184,23.38895833333333,30.73038888888889,-150.0,2
D2M33P,187,23.47325,30.724666666666664,-210.0,3
D2M33P,191,23.501875,30.74436111111111,-219.0,3
D2M33P,193,23.36445833333333,30.75197222222221,-240.0,3
D2M33P,194,23.6445,30.75486111111111,-216.0,3
D2M33P,196,23.63445833333333,30.766055555555557,-231.0,3
E1M33P,0,23.4035,30.79936111111111,-213.0,2
E1M33P,2,23.53879166666667,30.77933333333333,-267.0,3
E1M33P,3,23.55304166666667,30.81391666666667,-267.0,3
E1M33P,4,23.57954166666667,30.81636111111111,-267.0,3
E1M33P,5,23.56966666666667,30.819277777777767,-288.0,3
E1M33P,6,23.576375,30.804000000000002,-276.0,3
E1M33P,7,23.58604166666667,30.81661111111111,-270.0,3
E1M33P,9,23.6185,30.78913888888889,-249.0,3
E1M33P,10,23.652041666666666,30.79036111111111,-252.0,3
E1M33P,13,23.644166666666663,30.792583333333337,-267.0,3
E1M33P,14,23.55983333333333,30.828388888888888,-276.0,3
E1M33P,15,23.62116666666667,30.799555555555557,-255.0,3
E1M33P,16,23.57245833333333,30.78886111111111,-264.0,3
E1M33P,17,23.64704166666667,30.791277777777786,-255.0,3
E1M33P,18,23.565416666666664,30.82833333333333,-150.0,1
E1M33P,19,23.56116666666667,30.801,-264.0,3
E1M33P,20,23.59633333333333,30.79300000000001,-240.0,3
E1M33P,22,23.64558333333333,30.795027777777786,-255.0,3
E1M33P,24,23.62820833333333,30.787805555555558,-270.0,3
E1M33P,25,23.622416666666666,30.79438888888889,-264.0,3
E1M33P,26,23.54679166666667,30.779138888888887,-264.0,3
E1M33P,27,23.65325,30.780527777777767,-243.0,3
E1M33P,28,23.64954166666667,30.79016666666667,-252.0,3
E1M33P,29,23.626375,30.801472222222234,-255.0,3
E1M33P,30,23.55766666666667,30.79219444444445,-264.0,3
E1M33P,31,23.59895833333333,30.80886111111111,-273.0,3
E1M33P,32,23.629541666666665,30.79241666666667,-267.0,3
E1M33P,33,23.63079166666667,30.78191666666667,-264.0,3
E1M33P,34,23.63741666666667,30.817555555555554,-276.0,3
E1M33P,35,23.542791666666666,30.79330555555555,-276.0,3
E1M33P,37,23.582125,30.78741666666667,-246.0,3
E1M33P,39,23.64825,30.796111111111113,-255.0,3
E1M33P,40,23.60316666666667,30.816527777777786,-261.0,3
E1M33P,41,23.65075,30.780638888888888,-237.0,3
E1M33P,44,23.597666666666665,30.779027777777767,-240.0,3
E1M33P,45,23.5485,30.804944444444452,-267.0,3
E1M33P,48,23.59308333333333,30.81733333333333,-267.0,3
E1M33P,49,23.64145833333333,30.807305555555555,-264.0,3
E1M33P,50,23.636166666666664,30.81644444444445,-276.0,3
E1M33P,51,23.63229166666667,30.818,-276.0,3
E1M33P,52,23.55004166666667,30.82133333333333,-297.0,3
E1M33P,54,23.56683333333333,30.80894444444445,-264.0,3
E1M33P,55,23.62508333333333,30.812305555555557,-249.0,3
E1M33P,57,23.63358333333333,30.8075,-249.0,3
E1M33P,58,23.58754166666667,30.80811111111111,-264.0,3
E1M33P,60,23.604541666666666,30.79119444444445,-249.0,3
E1M33P,61,23.58333333333333,30.817888888888888,-264.0,3
E1M33P,63,23.619791666666664,30.816277777777767,-264.0,3
E1M33P,64,23.55645833333333,30.819888888888887,-288.0,3
E1M33P,65,23.57791666666667,30.798027777777786,-267.0,3
E1M33P,66,23.55520833333333,30.780916666666666,-264.0,3
E1M33P,69,23.6005,30.78072222222222,-237.0,3
E1M33P,70,23.580875,30.81808333333333,-264.0,3
E1M33P,71,23.544,30.795972222222233,-267.0,3
E1M33P,72,23.634875,30.792361111111113,-264.0,3
E1M33P,73,23.56266666666667,30.795444444444453,-276.0,3
E1M33P,74,23.591791666666666,30.804277777777767,-261.0,3
E1M33P,75,23.609791666666666,30.80922222222221,-261.0,3
E1M33P,77,23.62375,30.78538888888889,-255.0,3
E1M33P,78,23.642666666666663,30.79938888888889,-261.0,3
E1M33P,79,23.60845833333333,30.817555555555554,-255.0,3
E1M33P,80,23.63870833333333,30.80536111111111,-273.0,3
E1M33P,81,23.58895833333333,30.821305555555554,-273.0,3
E1M33P,82,23.61583333333333,30.78844444444445,-249.0,3
E1M33P,87,23.49525,30.810388888888887,-264.0,3
E1M33P,91,23.47954166666667,30.813305555555555,-240.0,3
E1M33P,94,23.4245,30.79119444444445,-240.0,3
E1M33P,95,23.49233333333333,30.796722222222233,-252.0,3
E1M33P,96,23.512041666666665,30.79944444444445,-264.0,3
E1M33P,106,23.49670833333333,30.823,-267.0,3
E1M33P,114,23.51920833333333,30.78758333333333,-261.0,3
E1M33P,121,23.43025,30.822861111111113,-273.0,2
E1M33P,122,23.433708333333332,30.791138888888888,-222.0,3
E1M33P,127,23.53558333333333,30.81033333333333,-264.0,3
E1M33P,130,23.42170833333333,30.791027777777767,-249.0,3
E1M33P,133,23.48241666666667,30.796111111111113,-249.0,3
E1M33P,134,23.52333333333333,30.81541666666667,-267.0,3
E1M33P,139,23.497916666666665,30.822138888888887,-270.0,3
E1M33P,141,23.534375,30.817138888888888,-288.0,2
E1M33P,143,23.491083333333336,30.79741666666667,-264.0,3
E1M33P,157,23.51775,30.803611111111113,-264.0,3
E1M33P,159,23.54525,30.8315,-288.0,3
E1M33P,161,23.48833333333333,30.81241666666667,-264.0,3
E1M33P,166,23.677416666666666,30.78297222222222,-240.0,3
E1M33P,172,23.66529166666667,30.788638888888887,-237.0,3
E1M33P,183,23.6715,30.80230555555556,-264.0,3
E1M33P,186,23.674791666666664,30.80341666666667,-261.0,3
E1M33P,187,23.37112500000001,30.80763888888889,-216.0,3
E1M33P,189,23.401375,30.808194444444453,-231.0,3
E1M33P,199,23.392375,30.816055555555558,-288.0,1
E1M33P,206,23.396291666666666,30.822388888888888,-276.0,1
E1M33P,212,23.404708333333332,30.832611111111113,-252.0,3
E1M33P,214,23.406125,30.83294444444445,-228.0,3
E1M33P,216,23.408875,30.83655555555556,-225.0,3
E1M33P,219,23.41025,30.85100000000001,-222.0,3
E2M33P,0,23.64145833333333,30.807305555555555,-252.0,3
E2M33P,1,23.62508333333333,30.812305555555557,-252.0,3
E2M33P,2,23.60175,30.79377777777778,-252.0,3
E2M33P,3,23.57791666666667,30.798027777777786,-264.0,3
E2M33P,4,23.55520833333333,30.780916666666666,-273.0,3
E2M33P,6,23.580875,30.81808333333333,-264.0,3
E2M33P,7,23.544,30.795972222222233,-273.0,3
E2M33P,8,23.634875,30.792361111111113,-264.0,3
E2M33P,9,23.56266666666667,30.795444444444453,-264.0,3
E2M33P,10,23.609791666666666,30.80922222222221,-267.0,3
E2M33P,11,23.642666666666663,30.79938888888889,-264.0,3
E2M33P,12,23.60845833333333,30.817555555555554,-264.0,3
E2M33P,13,23.63870833333333,30.80536111111111,-267.0,3
E2M33P,14,23.58895833333333,30.821305555555554,-264.0,3
E2M33P,15,23.61583333333333,30.78844444444445,-249.0,3
E2M33P,16,23.534375,30.817138888888888,-240.0,2
E2M33P,21,23.54525,30.8315,-288.0,3
E2M33P,23,23.48833333333333,30.81241666666667,-264.0,3
E2M33P,24,23.678875,30.77936111111111,-261.0,3
E2M33P,26,23.677416666666666,30.78297222222222,-264.0,3
E2M33P,28,23.66204166666667,30.78386111111111,-252.0,3
E2M33P,30,23.37995833333333,30.784111111111113,-335.99999999999994,1
E2M33P,31,23.66529166666667,30.788638888888887,-243.0,3
E2M33P,33,23.659541666666666,30.792055555555557,-237.0,3
E2M33P,35,23.689625,30.796999999999997,-189.0,2
E2M33P,39,23.6715,30.80230555555556,-264.0,3
E2M33P,41,23.37112500000001,30.80763888888889,-207.0,3
E2M33P,50,23.392375,30.816055555555558,-165.0,2
E2M33P,58,23.404708333333332,30.832611111111113,-252.0,3
E2M33P,59,23.39883333333333,30.833277777777766,-234.0,3
E2M33P,60,23.406125,30.83294444444445,-246.0,3
E2M33P,61,23.408875,30.83655555555556,-240.0,3
E2M33P,64,23.41025,30.85100000000001,-225.0,3
E2M33P,65,23.552291666666665,30.79105555555556,-288.0,3
E2M33P,66,23.558291666666666,30.79883333333333,-261.0,3
E2M33P,70,23.58354166666667,30.80838888888889,-264.0,3
E2M33P,73,23.573875,30.81136111111111,-276.0,3
E2M33P,74,23.547875,30.830416666666668,-177.0,1
E2M33P,75,23.54658333333333,30.825055555555554,-279.0,3
E2M33P,76,23.54970833333333,30.795444444444453,-270.0,3
E2M33P,77,23.621208333333332,30.78566666666667,-267.0,3
E2M33P,78,23.575125,30.782666666666664,-261.0,3
E2M33P,79,23.56808333333333,30.796111111111113,-276.0,3
E2M33P,80,23.566875,30.804666666666666,-267.0,3
E2M33P,81,23.622416666666666,30.782027777777767,-255.0,3
E2M33P,82,23.57941666666667,30.79958333333333,-267.0,3
E2M33P,83,23.569916666666664,30.78211111111111,-261.0,3
E2M33P,84,23.551041666666666,30.78811111111111,-255.0,3
E2M33P,85,23.64558333333333,30.796722222222233,-255.0,3
E2M33P,86,23.571375,30.802055555555555,-273.0,3
E2M33P,88,23.593125,30.781666666666666,-264.0,3
E2M33P,89,23.599416666666666,30.80333333333333,-276.0,3
E2M33P,90,23.561,30.784722222222232,-300.0,2
E2M33P,91,23.62379166666667,30.81708333333333,-261.0,3
E2M33P,93,23.58220833333333,30.81533333333333,-264.0,3
E2M33P,94,23.648916666666665,30.78608333333333,-249.0,3
E2M33P,95,23.65158333333333,30.806305555555557,-264.0,3
E2M33P,96,23.619875,30.785888888888888,-261.0,3
E2M33P,98,23.54025,30.781222222222233,-288.0,3
E2M33P,99,23.63145833333333,30.809027777777786,-261.0,3
E2M33P,100,23.597791666666666,30.820305555555557,-267.0,3
E2M33P,101,23.590291666666666,30.787527777777786,-252.0,3
E2M33P,102,23.6475,30.8005,-267.0,3
E2M33P,103,23.565541666666665,30.78702777777778,-267.0,3
E2M33P,106,23.61725,30.804111111111112,-261.0,3
E2M33P,107,23.62645833333333,30.79266666666667,-270.0,3
E2M33P,109,23.64425,30.799000000000003,-261.0,3
E2M33P,110,23.629875,30.79077777777778,-264.0,3
E2M33P,113,23.65025,30.78191666666667,-237.0,3
E2M33P,114,23.632625,30.80380555555556,-261.0,3
E2M33P,115,23.605125,30.818555555555548,-267.0,3
E2M33P,116,23.5965,30.79075000000001,-255.0,3
E2M33P,117,23.618541666666665,30.78683333333333,-255.0,3
E2M33P,118,23.63625,30.813,-264.0,3
E2M33P,119,23.57258333333333,30.7795,-261.0,3
E2M33P,120,23.628375,30.805194444444453,-255.0,3
E2M33P,121,23.606333333333332,30.782527777777766,-249.0,3
E2M33P,122,23.655625,30.793055555555558,-249.0,3
E2M33P,123,23.491416666666666,30.81388888888889,-264.0,3
E2M33P,126,23.535625,30.80216666666667,-276.0,3
E2M33P,131,23.526791666666664,30.78783333333333,-264.0,3
E2M33P,136,23.519125,30.805861111111113,-267.0,3
E2M33P,144,23.43233333333333,30.81083333333333,-255.0,3
E2M33P,146,23.42304166666667,30.795333333333332,-240.0,3
E2M33P,149,23.492625,30.80922222222221,-270.0,3
E2M33P,155,23.48454166666667,30.80341666666667,-273.0,3
E2M33P,156,23.46245833333333,30.79336111111111,-264.0,3
E2M33P,157,23.489791666666665,30.81580555555556,-255.0,3
E2M33P,160,23.51316666666667,30.80041666666667,-267.0,3
E2M33P,164,23.49566666666667,30.82425,-267.0,3
E2M33P,167,23.49870833333333,30.80172222222223,-261.0,3
E2M33P,168,23.48195833333333,30.820722222222226,-273.0,3
E2M33P,170,23.46608333333333,30.79225000000001,-243.0,3
E2M33P,173,23.424875,30.79347222222223,-255.0,3
E2M33P,174,23.486375,30.814277777777786,-267.0,3
E2M33P,175,23.52220833333333,30.81119444444445,-261.0,3
E2M33P,183,23.51125,30.83533333333333,-189.0,2
E2M33P,186,23.51475,30.81486111111111,-276.0,3
E2M33P,192,23.663875,30.78430555555556,-261.0,3
E2M33P,193,23.39758333333333,30.78619444444445,-219.0,3
E2M33P,196,23.67495833333333,30.80419444444445,-261.0,3
E2M33P,197,23.40295833333333,30.806527777777767,-237.0,3
E2M33P,200,23.40016666666667,30.818361111111113,-324.0,1
E2M33P,203,23.41675,30.834277777777785,-237.0,3
K1M33P,0,23.384041666666665,30.61583333333333,-156.0,3
K1M33P,1,23.42191666666667,30.53716666666667,-96.0,1
K1M33P,2,23.380375,30.56738888888889,-111.0,3
K1M33P,3,23.38629166666667,30.56075,-114.0,3
K1M33P,5,23.56916666666667,30.60825,-179.99999999999997,3
K1M33P,7,23.58008333333333,30.601972222222226,-186.0,3
K1M33P,8,23.554375,30.607555555555557,-167.99999999999997,3
K1M33P,10,23.57058333333333,30.615472222222234,-186.0,3
K1M33P,11,23.55562500000001,30.60825,-174.0,3
K1M33P,13,23.571791666666666,30.60550000000001,-192.00000000000003,3
K1M33P,14,23.56104166666667,30.609444444444453,-179.99999999999997,3
K1M33P,17,23.529625,30.591361111111112,-150.0,3
K1M33P,18,23.486625000000004,30.591527777777767,-132.0,3
K1M33P,23,23.58133333333333,30.573166666666665,-167.99999999999997,3
K1M33P,24,23.583875,30.5765,-174.0,3
K1M33P,25,23.591875,30.596722222222233,-102.0,1
K1M33P,26,23.57308333333333,30.56088888888889,-156.0,3
K1M33P,27,23.55716666666667,30.56163888888889,-153.0,3
K1M33P,28,23.532625,30.58375,-156.0,3
K1M33P,30,23.562416666666664,30.563222222222233,-156.0,3
K1M33P,31,23.543541666666666,30.576138888888888,-162.0,3
K1M33P,33,23.574541666666665,30.5635,-162.0,3
K1M33P,34,23.54220833333333,30.570305555555557,-156.0,3
K1M33P,35,23.58254166666667,30.5585,-156.0,3
K1M33P,36,23.55970833333333,30.56875,-162.0,3
K1M33P,37,23.551666666666666,30.5655,-162.0,3
K1M33P,38,23.5585,30.55238888888889,-162.0,3
K1M33P,39,23.57879166666667,30.55530555555556,-150.0,3
K1M33P,40,23.52795833333333,30.574972222222208,-156.0,3
K1M33P,41,23.496875,30.59308333333333,-132.0,3
K1M33P,42,23.513875,30.57547222222221,-144.0,3
K1M33P,43,23.51708333333333,30.55733333333333,-147.0,3
K1M33P,44,23.51266666666667,30.58436111111111,-147.0,3
K1M33P,45,23.51141666666667,30.58988888888889,-144.0,3
K1M33P,46,23.52291666666667,30.56233333333333,-167.99999999999997,3
K1M33P,47,23.53520833333333,30.564888888888888,-167.99999999999997,3
K1M33P,50,23.50175,30.56805555555556,-138.0,3
K1M33P,51,23.4765,30.591166666666666,-144.0,3
K1M33P,52,23.48833333333333,30.574805555555557,-144.0,3
K1M33P,53,23.492791666666665,30.55958333333333,-108.0,3
K1M33P,54,23.49429166666667,30.560388888888887,-132.0,3
K1M33P,56,23.495625,30.569972222222226,-144.0,3
K1M33P,57,23.46695833333333,30.58375,-132.0,3
K1M33P,58,23.4615,30.591527777777767,-144.0,3
K1M33P,59,23.42483333333333,30.596805555555555,-120.0,3
K1M33P,61,23.434458333333332,30.580055555555557,-132.0,3
K1M33P,62,23.44275,30.58225,-132.0,3
K1M33P,63,23.42620833333333,30.59508333333333,-123.0,3
K1M33P,64,23.46295833333333,30.581138888888887,-141.0,3
K1M33P,65,23.43858333333333,30.586861111111112,-126.0,3
K1M33P,66,23.44404166666667,30.57975,-141.0,3
K1M33P,67,23.41591666666667,30.591638888888887,-120.0,3
K1M33P,68,23.414625,30.59536111111111,-126.0,3
K1M33P,69,23.41033333333333,30.584861111111113,-120.0,3
K1M33P,70,23.40708333333333,30.590555555555554,-102.0,2
K1M33P,71,23.41308333333333,30.59272222222221,-126.0,3
K1M33P,72,23.418375,30.57755555555556,-105.0,2
K1M33P,73,23.405916666666666,30.577861111111112,-129.0,3
K1M33P,77,23.377666666666666,30.59869444444445,-96.0,1
K1M33P,78,23.38233333333333,30.59158333333333,-114.0,3
K1M33P,82,23.375875,30.587527777777765,-138.0,3
K1M33P,83,23.37158333333333,30.59105555555556,-141.0,3
K1M33P,88,23.54479166666667,30.55769444444445,-167.99999999999997,3
K1M33P,89,23.53675,30.545638888888888,-150.0,3
K1M33P,90,23.534,30.546611111111112,-138.0,3
K1M33P,91,23.55041666666667,30.543138888888887,-153.0,3
K1M33P,94,23.49854166666667,30.55913888888889,-138.0,3
K1M33P,97,23.50483333333333,30.55263888888889,-138.0,3
K1M33P,101,23.50325,30.553472222222233,-141.0,3
K1M33P,102,23.510125,30.56233333333333,-138.0,3
K1M33P,103,23.52608333333333,30.541722222222226,-108.0,1
K1M33P,104,23.524583333333336,30.539638888888888,-102.0,1
K1M33P,105,23.47520833333333,30.55,-117.0,3
K1M33P,107,23.45370833333333,30.56511111111111,-126.0,3
K1M33P,109,23.46983333333333,30.56225,-111.0,3
K1M33P,111,23.47791666666667,30.54152777777778,-126.0,3
K1M33P,112,23.47375000000001,30.551388888888887,-120.0,3
K1M33P,113,23.45666666666667,30.54883333333333,-114.0,3
K1M33P,114,23.47258333333333,30.55233333333333,-120.0,3
K1M33P,115,23.468375,30.555,-126.0,3
K1M33P,116,23.47116666666667,30.57041666666667,-114.0,3
K1M33P,117,23.489875,30.539361111111113,-138.0,3
K1M33P,118,23.47970833333333,30.555222222222234,-120.0,3
K1M33P,119,23.451875,30.561555555555557,-120.0,3
K1M33P,120,23.46008333333333,30.565555555555555,-120.0,3
K1M33P,121,23.439875,30.550027777777785,-117.0,3
K1M33P,122,23.43145833333333,30.55086111111111,-114.0,3
K1M33P,123,23.44700000000001,30.55183333333333,-114.0,3
K1M33P,124,23.43304166666667,30.554222222222233,-114.0,3
K1M33P,125,23.42991666666667,30.542444444444445,-120.0,3
K1M33P,127,23.44995833333333,30.53866666666667,-105.0,3
K1M33P,128,23.43741666666667,30.54963888888889,-114.0,3
K1M33P,129,23.42745833333333,30.57119444444445,-126.0,3
K1M33P,130,23.42870833333333,30.548055555555557,-114.0,3
K1M33P,131,23.441375,30.56361111111111,-108.0,3
K1M33P,132,23.4455,30.53891666666667,-114.0,3
K1M33P,133,23.44841666666667,30.54291666666667,-105.0,3
K1M33P,136,23.38891666666667,30.56419444444445,-114.0,3
K1M33P,137,23.39708333333333,30.541694444444445,-114.0,3
K1M33P,139,23.393,30.556555555555555,-126.0,3
K1M33P,140,23.411875,30.543833333333332,-111.0,3
K1M33P,141,23.394416666666668,30.57591666666667,-165.0,3
K1M33P,142,23.390375,30.574472222222226,-102.0,2
K1M33P,143,23.395875,30.57411111111111,-135.0,3
K1M33P,144,23.40833333333333,30.546555555555557,-114.0,3
K1M33P,148,23.378916666666665,30.558277777777786,-138.0,3
K1M33P,154,23.41716666666667,30.53683333333333,-108.0,3
K1M33P,155,23.423375,30.543138888888887,-89.99999999999999,3
K1M33P,156,23.387625,30.545527777777767,-126.0,3
K1M33P,162,23.3395,30.536,-135.0,3
K1M33P,169,23.33316666666667,30.53819444444445,-132.0,3
K1M33P,172,23.597416666666664,30.54002777777778,-123.0,3
K1M33P,175,23.59608333333333,30.54186111111111,-162.0,3
K1M33P,183,23.327458333333336,30.556777777777786,-126.0,3
K1M33P,184,23.32620833333333,30.557388888888887,-129.0,3
K1M33P,185,23.60258333333333,30.558416666666666,-174.0,3
K1M33P,186,23.60008333333333,30.558055555555555,-162.0,3
K1M33P,193,23.59333333333333,30.564694444444445,-167.99999999999997,3
K1M33P,195,23.59058333333333,30.565444444444445,-159.0,3
K1M33P,206,23.6085,30.58511111111111,-114.0,2
K1M33P,210,23.601375,30.589916666666664,-138.0,1
K1M33P,212,23.62479166666667,30.588527777777767,-167.99999999999997,3
K1M33P,217,23.343916666666665,30.599472222222207,-252.0,1
D1M33R,31,23.55225,30.744861111111113,-225.0,3
D1M33R,32,23.55758333333333,30.732805555555554,-225.0,3
D1M33R,37,23.542791666666666,30.748583333333336,-225.0,3
D1M33R,41,23.553666666666665,30.742305555555557,-222.0,3
D1M33R,48,23.565166666666666,30.741083333333336,-246.0,2
D1M33R,87,23.42041666666667,30.74661111111111,-195.0,3
D1M33R,89,23.47266666666667,30.75919444444445,-207.0,3
D1M33R,92,23.477166666666665,30.742722222222234,-210.0,3
D1M33R,110,23.421625,30.74586111111111,-207.0,3
D1M33R,115,23.446666666666665,30.74294444444445,-198.0,3
D1M33R,117,23.43695833333333,30.743444444444453,-204.00000000000003,3
D1M33R,126,23.47004166666667,30.77647222222221,-222.0,3
D1M33R,127,23.44400000000001,30.750972222222234,-204.00000000000003,3
D1M33R,134,23.500791666666665,30.733888888888888,-213.0,3
D1M33R,142,23.48229166666667,30.77488888888889,-234.0,3
D1M33R,144,23.427125000000004,30.75063888888889,-201.0,3
D1M33R,153,23.49379166666667,30.71605555555556,-204.00000000000003,3
D1M33R,156,23.4615,30.715805555555555,-186.0,3
D1M33R,157,23.456541666666666,30.729888888888887,-192.00000000000003,3
D1M33R,158,23.452375,30.73244444444445,-204.00000000000003,3
D1M33R,159,23.47979166666667,30.716361111111112,-207.0,3
D1M33R,161,23.459,30.73033333333333,-198.0,3
D1M33R,162,23.40754166666667,30.714416666666665,-177.0,3
D1M33R,163,23.39158333333333,30.722222222222207,-167.99999999999997,3
D1M33R,164,23.40229166666667,30.722166666666666,-186.0,3
D1M33R,169,23.408875,30.727555555555554,-167.99999999999997,3
D1M33R,175,23.385458333333336,30.72,-174.0,3
D2M33R,1,23.645791666666664,30.74833333333333,-210.0,2
D2M33R,5,23.62116666666667,30.74519444444445,-234.0,3
D2M33R,8,23.5655,30.730638888888887,-225.0,3
D2M33R,9,23.638375,30.73352777777778,-213.0,3
D2M33R,10,23.5335,30.74716666666667,-213.0,3
D2M33R,14,23.55295833333333,30.72786111111111,-207.0,3
D2M33R,21,23.57391666666667,30.75486111111111,-225.0,1
D2M33R,24,23.60479166666667,30.725277777777766,-179.99999999999997,1
D2M33R,38,23.63170833333333,30.75358333333333,-225.0,3
D2M33R,40,23.601999999999997,30.72213888888889,-282.0,2
D2M33R,41,23.62379166666667,30.751361111111112,-255.0,3
D2M33R,47,23.599375,30.742444444444452,-225.0,3
D2M33R,50,23.55545833333333,30.744138888888887,-234.0,3
D2M33R,52,23.60058333333333,30.71613888888889,-213.0,3
D2M33R,55,23.63445833333333,30.770861111111113,-138.0,3
D2M33R,59,23.63570833333333,30.768166666666666,-228.0,3
D2M33R,62,23.551791666666666,30.753222222222234,-228.0,3
D2M33R,64,23.614875,30.744888888888887,-225.0,3
D2M33R,65,23.557291666666664,30.74372222222223,-228.0,3
D2M33R,66,23.54720833333333,30.746722222222232,-213.0,3
D2M33R,68,23.578916666666668,30.73680555555556,-222.0,3
D2M33R,80,23.62254166666667,30.75911111111111,-240.0,3
D2M33R,86,23.52916666666667,30.749388888888888,-231.0,2
D2M33R,87,23.4495,30.738555555555557,-207.0,3
D2M33R,88,23.41966666666667,30.751666666666665,-195.0,2
D2M33R,89,23.41829166666667,30.74916666666667,-213.0,3
D2M33R,92,23.44045833333333,30.748777777777786,-207.0,3
D2M33R,93,23.43483333333333,30.744722222222233,-213.0,3
D2M33R,95,23.423125,30.74675,-222.0,3
D2M33R,98,23.41241666666667,30.74566666666667,-192.00000000000003,2
D2M33R,101,23.505541666666666,30.76813888888889,-249.0,3
D2M33R,105,23.50791666666667,30.74961111111111,-219.0,3
D2M33R,106,23.448166666666665,30.755722222222207,-219.0,3
D2M33R,109,23.52766666666667,30.77047222222221,-243.0,3
D2M33R,116,23.4765,30.764944444444453,-228.0,3
D2M33R,118,23.42575,30.75325,-207.0,3
D2M33R,119,23.46845833333333,30.75775,-216.0,3
D2M33R,121,23.47458333333333,30.772416666666665,-243.0,2
D2M33R,124,23.48241666666667,30.733,-222.0,2
D2M33R,127,23.471875,30.74875,-225.0,3
D2M33R,128,23.473291666666668,30.748722222222234,-228.0,3
D2M33R,129,23.47816666666667,30.760472222222226,-231.0,3
D2M33R,131,23.444875000000003,30.757305555555554,-216.0,3
D2M33R,134,23.48525,30.74136111111111,-213.0,3
D2M33R,135,23.45833333333333,30.742722222222234,-216.0,3
D2M33R,137,23.50333333333333,30.747805555555555,-231.0,2
D2M33R,139,23.486916666666666,30.770055555555555,-237.0,3
D2M33R,146,23.494875,30.71825,-207.0,2
D2M33R,147,23.46295833333333,30.71638888888889,-207.0,2
D2M33R,150,23.48,30.71558333333333,-201.0,3
D2M33R,151,23.470541666666666,30.7175,-198.0,3
D2M33R,152,23.48870833333333,30.72583333333333,-222.0,3
D2M33R,153,23.46679166666667,30.725555555555548,-198.0,3
D2M33R,154,23.41666666666667,30.720277777777767,-201.0,3
D2M33R,158,23.39995833333333,30.713527777777767,-183.0,3
D2M33R,161,23.41541666666667,30.715166666666665,-195.0,3
D2M33R,162,23.411,30.735972222222234,-198.0,3
D2M33R,163,23.40391666666667,30.71872222222222,-183.0,3
D2M33R,164,23.405375,30.71894444444445,-186.0,3
D2M33R,167,23.38616666666667,30.72238888888889,-174.0,3
D2M33R,168,23.38483333333333,30.72083333333333,-179.99999999999997,3
D2M33R,169,23.38279166666667,30.71583333333333,-183.0,3
D2M33R,181,23.378041666666668,30.72525,-174.0,3
D2M33R,189,23.65766666666667,30.7285,-195.0,3
D2M33R,194,23.6635,30.74447222222223,-213.0,2
E2M33R,0,23.62866666666667,30.78483333333333,-237.0,3
E2M33R,1,23.545,30.81130555555556,-252.0,1
E2M33R,3,23.64558333333333,30.795027777777786,-225.0,3
E2M33R,6,23.63520833333333,30.79602777777778,-234.0,3
E2M33R,12,23.64983333333333,30.78230555555556,-213.0,3
E2M33R,15,23.577875,30.78933333333333,-219.0,2
E2M33R,16,23.56379166666667,30.816777777777766,-249.0,3
E2M33R,20,23.553791666666665,30.79291666666667,-243.0,3
E2M33R,26,23.59970833333333,30.816972222222233,-255.0,3
E2M33R,29,23.58754166666667,30.80811111111111,-237.0,3
E2M33R,30,23.55504166666667,30.79566666666667,-231.0,3
E2M33R,32,23.624916666666664,30.815472222222233,-234.0,3
E2M33R,36,23.633958333333336,30.79780555555556,-237.0,3
E2M33R,38,23.64425,30.799000000000003,-228.0,3
E2M33R,40,23.57120833333333,30.813055555555557,-246.0,3
E2M33R,43,23.627375,30.814722222222233,-234.0,3
E2M33R,44,23.59445833333333,30.7835,-228.0,3
E2M33R,45,23.619791666666664,30.816277777777767,-234.0,3
E2M33R,48,23.64845833333333,30.78544444444445,-228.0,3
E2M33R,49,23.568791666666666,30.7805,-240.0,3
E2M33R,50,23.592,30.785277777777786,-231.0,3
E2M33R,51,23.60875,30.782805555555555,-219.0,3
E2M33R,52,23.5985,30.798972222222233,-231.0,3
E2M33R,54,23.632625,30.80380555555556,-231.0,3
E2M33R,56,23.656625,30.793083333333332,-219.0,3
E2M33R,59,23.629916666666666,30.78913888888889,-234.0,3
E2M33R,61,23.616791666666664,30.78038888888889,-234.0,3
E2M33R,64,23.618541666666665,30.78683333333333,-234.0,3
E2M33R,65,23.62104166666667,30.79669444444445,-210.0,3
E2M33R,66,23.573875,30.78691666666667,-234.0,3
E2M33R,67,23.63141666666667,30.810194444444445,-228.0,3
E2M33R,68,23.58875,30.78536111111111,-240.0,3
E2M33R,69,23.643,30.781388888888888,-228.0,3
E2M33R,71,23.63783333333333,30.79191666666667,-237.0,3
E2M33R,73,23.60116666666667,30.811555555555557,-234.0,3
E2M33R,74,23.639083333333332,30.79594444444445,-228.0,3
E2M33R,77,23.584916666666665,30.80216666666667,-243.0,3
E2M33R,80,23.62358333333333,30.787861111111113,-228.0,3
E2M33R,81,23.622291666666666,30.787555555555556,-228.0,3
E2M33R,82,23.60241666666667,30.81133333333333,-237.0,3
E2M33R,87,23.423375,30.79261111111111,-231.0,3
E2M33R,88,23.514083333333332,30.79152777777778,-249.0,3
E2M33R,92,23.445041666666665,30.84636111111111,-246.0,3
E2M33R,101,23.53883333333333,30.80536111111111,-228.0,3
E2M33R,103,23.54016666666667,30.823583333333332,-246.0,3
E2M33R,104,23.4975,30.82625,-234.0,3
E2M33R,108,23.42466666666667,30.79519444444445,-252.0,1
E2M33R,111,23.467666666666666,30.788722222222226,-216.0,3
E2M33R,119,23.502208333333336,30.781944444444445,-234.0,3
E2M33R,124,23.492583333333336,30.814277777777786,-228.0,3
E2M33R,129,23.50083333333333,30.7985,-234.0,3
E2M33R,130,23.50975,30.783166666666666,-240.0,3
E2M33R,134,23.48975,30.78925000000001,-267.0,1
E2M33R,135,23.515875,30.78552777777778,-237.0,3
E2M33R,137,23.47858333333333,30.783305555555554,-279.0,1
E2M33R,139,23.51745833333333,30.794138888888888,-249.0,3
E2M33R,154,23.49470833333333,30.808777777777767,-234.0,3
E2M33R,172,23.666375,30.784944444444445,-231.0,3
E2M33R,221,23.411541666666665,30.84847222222221,-219.0,3
E1M33R,4,23.624750000000002,30.801861111111112,-243.0,3
E1M33R,5,23.57558333333333,30.81488888888889,-252.0,3
E1M33R,6,23.558583333333335,30.802555555555557,-246.0,3
E1M33R,7,23.608291666666666,30.813555555555556,-237.0,3
E1M33R,8,23.601375,30.822333333333333,-246.0,3
E1M33R,10,23.592374999999997,30.807444444444446,-246.0,3
E1M33R,11,23.64454166666667,30.78111111111111,-231.0,3
E1M33R,13,23.615791666666667,30.799833333333336,-234.0,3
E1M33R,16,23.63145833333333,30.792055555555557,-246.0,3
E1M33R,17,23.586875,30.80986111111111,-240.0,3
E1M33R,18,23.619291666666665,30.797694444444446,-234.0,3
E1M33R,19,23.629875000000002,30.79077777777778,-237.0,3
E1M33R,20,23.583916666666667,30.803583333333336,-243.0,3
E1M33R,25,23.568708333333333,30.82636111111111,-252.0,3
E1M33R,26,23.643333333333334,30.78097222222222,-240.0,3
E1M33R,28,23.617541666666668,30.797972222222224,-234.0,3
E1M33R,29,23.577916666666667,30.79802777777778,-246.0,3
E1M33R,30,23.555208333333333,30.780916666666666,-252.0,3
E1M33R,31,23.594458333333332,30.820916666666665,-246.0,3
E1M33R,32,23.639125,30.79716666666667,-246.0,3
E1M33R,34,23.599833333333333,30.808805555555555,-246.0,3
E1M33R,35,23.60458333333333,30.80591666666667,-225.0,2
E1M33R,36,23.64175,30.795083333333334,-234.0,3
E1M33R,37,23.5965,30.790750000000003,-213.0,2
E1M33R,38,23.634875,30.792361111111113,-246.0,3
E1M33R,43,23.581583333333334,30.817777777777778,-246.0,3
E1M33R,46,23.588541666666668,30.78713888888889,-222.0,2
E1M33R,48,23.628375,30.805194444444446,-243.0,3
E1M33R,49,23.640333333333334,30.795472222222223,-234.0,3
E1M33R,51,23.606333333333332,30.782527777777776,-219.0,2
E1M33R,52,23.64775,30.77961111111111,-222.0,3
E1M33R,53,23.646541666666668,30.788611111111113,-240.0,3
E1M33R,54,23.633,30.795166666666667,-246.0,3
E1M33R,67,23.4995,30.79727777777778,-231.0,3
E1M33R,73,23.54525,30.8315,-285.0,3
E1M33R,75,23.52220833333333,30.811194444444446,-249.0,3
E1M33R,81,23.488333333333333,30.812416666666667,-246.0,3
E1M33R,88,23.496291666666668,30.810833333333335,-246.0,3
E1M33R,91,23.470041666666667,30.81336111111111,-261.0,3
E1M33R,97,23.389666666666667,30.781805555555554,-179.99999999999997,2
E1M33R,100,23.666375000000002,30.784944444444445,-237.0,3
E1M33R,103,23.515333333333334,30.78602777777778,-243.0,3
E1M33R,116,23.4265,30.79763888888889,-222.0,3
E1M33R,120,23.673791666666666,30.802194444444446,-246.0,2
E1M33R,124,23.519125,30.804861111111112,-246.0,3
E1M33R,127,23.371125000000003,30.80763888888889,-198.0,2
E1M33R,130,23.406208333333336,30.811666666666667,-198.0,2
E1M33R,134,23.623208333333334,30.81211111111111,-243.0,3
E1M33R,139,23.540333333333333,30.814083333333333,-237.0,3
E1M33R,140,23.565458333333332,30.81452777777778,-249.0,3
E1M33R,156,23.585166666666666,30.821166666666667,-237.0,3
E1M33R,165,23.377583333333334,30.82836111111111,-300.0,1
E1M33R,166,23.391125,30.829833333333333,-210.0,2
E1M33R,174,23.404708333333335,30.83261111111111,-213.0,2
E1M33R,176,23.664416666666668,30.833416666666665,-204.00000000000003,1
E1M33R,177,23.559833333333334,30.828388888888888,-261.0,3
E1M33R,190,23.39754166666667,30.846416666666666,-213.0,3
E1M33R,192,23.411541666666665,30.84847222222222,-210.0,3
